id,domain,status,purchase_price,renewal_price,attractiveness,demand,length,registrar,created_at,expires_at,status_verified_at
6fdf3954-dcf7-4d7c-9b53-ad1e86ec3dda,headteacher.blue,available,23.99,,high,low,12,name.com,,,
8df3aa5b-b567-439d-8229-c82c080b9f33,polemical.blue,available,13.98,32.98,medium,low,9,namecheap,,,08/09/2026 22:53
dd598bde-60b7-4ea0-9945-ab415f4dfc30,ramsons.blue,available,19.99,24.99,medium,low,7,namesilo,,,18/09/2026 11:34
6edfccd8-b8de-4626-a26b-2f1e49d09a99,missile.blue,available,23.99,,high,low,7,name.com,,,
a613deef-8efa-46f1-b7a6-66bea4425811,stump.blue,available,19.99,24.99,high,low,5,namesilo,,,18/09/2026 17:18
7dd78b9a-5421-4054-b0e1-54b887bca952,pearls.blue,premium,640,640,high,low,6,namesilo,,,23/09/2026 09:03
b3c97574-3380-4c01-965c-65cadf088fb4,alummah.blue,available,19.99,24.99,medium,low,8,namesilo,,,18/09/2026 01:08
24ef5d07-cd01-4ab0-84b2-ca186162ab8a,citizens.blue,available,19.99,24.99,high,low,8,namesilo,,,18/09/2026 15:13
f452c07f-19a8-419c-8ee5-4a77049b8873,anointing.blue,available,19.99,24.99,high,low,9,namesilo,,,19/09/2026 11:19
a0c9f822-db19-46f5-8907-769c8d62c278,stereo.blue,available,13.98,32.98,high,low,6,namecheap,,,10/09/2026 20:09
c4b6796a-0787-46f4-baf6-b4a897ef9862,silken.blue,available,13.98,32.98,high,low,6,namecheap,,,09/09/2026 21:43
3bd4a8e7-9b6c-4b18-a627-b8e7688863ee,accountants.blue,available,13.98,32.98,medium,low,11,namecheap,,,20/09/2026 02:26
a97f0be5-fe38-484a-a35b-a2ebee31f923,cxxxv.blue,available,,,medium,low,5,,,,
311be3eb-91f9-4f5e-86c9-1fa3d98ec37b,empyreal.blue,available,13.98,32.98,medium,low,8,namecheap,,,16/08/2026 20:53
47730068-ca90-40c3-8609-41f78f467524,galangal.blue,available,23.99,35.99,medium,low,8,name.com,,,18/09/2026 14:03
489d8529-f141-46a5-a6e9-d419948ab221,agitator.blue,available,13.98,32.98,medium,low,8,namecheap,,,17/09/2026 18:07
30d1ff9c-f3b0-4018-bc9a-66be8c3a54b1,lena.blue,available,13.98,32.98,high,low,4,namecheap,,,25/09/2026 08:55
348300c0-9d4f-41ab-98e4-1adcab2fe5b3,geodetic.blue,available,13.98,32.98,medium,low,8,namecheap,,,18/08/2026 22:21
6b031674-b221-4e7f-95e9-13fd848bb3c3,shakedown.blue,available,13.98,32.98,medium,low,9,namecheap,,,10/09/2026 05:40
88748a0d-ef0b-47e2-ab0e-2d92a96851da,criterial.blue,available,13.98,32.98,medium,low,9,namecheap,,,13/08/2026 07:27
f7d342e7-0148-4459-bc49-6f9a259c1347,robertson.blue,available,19.99,24.99,high,low,9,namesilo,,,25/09/2026 09:45
446eeff8-3c78-4c1b-8fdc-ff4fda385072,attract.blue,available,23.99,,high,low,7,name.com,,,
777b2382-69b9-4a89-9612-d18dde0a07cb,enormous.blue,available,13.98,32.98,high,low,8,namecheap,,,17/08/2026 09:42
10e7fc59-c318-4bb0-9ed6-f5a2ed45f196,nodding.blue,available,13.98,32.98,high,low,7,namecheap,,,12/08/2026 00:48
fcc848a7-80f1-4845-b9c8-b0c601d06d2d,ascendable.blue,available,13.98,32.98,medium,low,10,namecheap,,,07/08/2026 00:35
7dd0827b-7d9b-48cf-aecf-7d605bd04e4e,deviance.blue,available,19.99,24.99,medium,low,8,namesilo,,,16/09/2026 15:16
9cfb737e-e990-423b-8cc0-8cdcf3059eff,bacitracin.blue,available,19.99,24.99,high,low,10,namesilo,,,21/09/2026 14:25
8f9565f6-9ff9-420d-a6bd-a96a078b3415,abrasive.blue,available,13.98,32.98,high,low,8,namecheap,,,
aaeb7942-2946-494b-83f6-e9ca7e8df393,disorderly.blue,available,13.98,32.98,medium,low,10,namecheap,,,14/08/2026 11:51
2879a09a-f060-49a6-b823-9430a57994d7,annual.blue,available,19.99,24.99,high,low,6,namesilo,,,22/09/2026 05:27
d7cce764-37c1-4c05-a958-469ed2273688,connie.blue,available,19.99,24.99,high,low,6,namesilo,,,25/09/2026 12:17
e2efed86-96c8-4e14-a4be-c0bb7578cd6e,applecart.blue,available,13.98,32.98,medium,low,9,namecheap,,,19/09/2026 21:32
6de0aa64-01ac-4474-b02f-a7f6e270b566,propulsion.blue,available,13.98,32.98,high,low,10,namecheap,,,17/09/2026 05:22
874e3ab1-156f-45b8-a5fd-e188c8228a35,lemony.blue,available,13.98,32.98,high,low,6,namecheap,,,22/08/2026 23:24
ef26fb82-b842-4122-a0b8-08859b161ef4,learned.blue,available,13.98,32.98,high,low,7,namecheap,,,23/09/2026 19:31
6f5daef6-a4ff-49a9-9624-4a56fed806bf,contestant.blue,available,13.98,32.98,medium,low,10,namecheap,,,14/08/2026 12:45
0c26787c-1e55-4609-b0fe-859a91b63871,limiting.blue,available,19.99,24.99,high,low,8,namesilo,,,23/09/2026 19:42
b919fd8b-546e-47b8-bc1a-07163c29557b,idolized.blue,available,13.98,32.98,medium,low,8,namecheap,,,
d6ee2f6e-ead1-474f-a819-d2e48f177a30,claims.blue,available,13.98,32.98,high,low,6,namecheap,,,25/09/2026 20:29
05fc6993-57ff-44d3-be4f-029b19a7d120,atheneum.blue,available,19.99,24.99,medium,low,8,namesilo,,,20/09/2026 20:41
1b047b26-0b72-4c3d-9c9c-bdf8d6cfda77,touchable.blue,available,13.98,32.98,high,low,9,namecheap,,,11/09/2026 07:57
353dbe3a-debc-482e-a1fb-89c769f36f49,catarrhal.blue,available,13.98,32.98,medium,low,9,namecheap,,,11/08/2026 21:09
f12d8ed1-77d1-40bc-b91d-a147857b506a,graphical.blue,available,13.98,32.98,high,low,9,namecheap,,,20/08/2026 18:11
24d863ea-5c1a-4550-9491-8ef7ffa4ccaf,warped.blue,available,13.98,32.98,medium,low,6,namecheap,,,13/09/2026 08:27
733a229a-9b97-4c3e-956b-252c7f93cbf0,hanoi.blue,available,23.99,,high,low,5,name.com,,,
3a5b608d-12d6-4aba-b31e-23559844e43a,scriptural.blue,available,13.98,32.98,medium,low,10,namecheap,,,09/08/2026 18:55
4ff35a3b-78ad-4dab-8226-62ce2d587b1f,gage.blue,available,13.98,32.98,high,low,4,namecheap,,,18/08/2026 19:51
3986e78b-572c-4959-90a0-4f13818daa6c,barber.blue,resell,,,high,low,6,"Spaceship, Inc.",28/06/2026 22:46,28/06/2027 22:46,26/09/2026 04:15
2e27a4eb-a1d3-4727-b91d-956e328d0059,frothing.blue,available,13.98,32.98,medium,low,8,namecheap,,,18/08/2026 09:42
2a0f0e40-ccbf-4282-988a-7bfba2c4296f,diplomat.blue,available,23.99,,high,low,8,name.com,,,
dcfd4ee9-f69a-4755-9283-ff44ef36bb50,magazine.blue,resell,,,high,low,8,"Sav.com, LLC - 19",05/12/2025 15:16,05/12/2026 15:16,26/09/2026 07:22
14396d07-0353-4433-bd9a-f997a31d06ee,obsessed.blue,available,13.98,32.98,medium,low,8,namecheap,,,21/08/2026 01:32
51d615a7-e291-40c8-922e-c03fadefa51a,pinked.blue,available,19.99,24.99,medium,low,6,namesilo,,,20/09/2026 15:51
a7c8b02e-620c-4b87-82e7-e787e42354fb,beloved.blue,available,13.98,32.98,high,low,7,namecheap,,,09/08/2026 13:47
79493fda-44e1-4a63-9e33-b5a20f444ad5,washout.blue,available,13.98,32.98,medium,low,7,namecheap,,,14/08/2026 20:57
f807975f-5960-49ca-9d96-8ab2846c8943,jadestone.blue,available,13.98,32.98,high,low,9,namecheap,,,22/08/2026 11:54
c0488aad-9e70-4052-a9f6-36dcc7e941bf,tied.blue,available,13.98,32.98,high,low,4,namecheap,,,22/08/2026 17:45
ed071a8c-644a-4232-9e04-19b31bdb5582,sportive.blue,available,13.98,32.98,medium,low,8,namecheap,,,12/08/2026 18:10
251cf07c-236a-4dbb-9b07-999885cb2547,grizzled.blue,available,13.98,32.98,high,low,8,namecheap,,,20/08/2026 20:11
475e2e73-ca68-4614-bbb8-30bff64c5646,unipolar.blue,available,13.98,32.98,medium,low,8,namecheap,,,12/09/2026 13:46
0968f539-4b54-4a2d-b272-b7a2d5b74fc3,irani.blue,available,13.98,32.98,high,low,5,namecheap,,,22/08/2026 09:42
e150ed09-ddd7-4b00-9a02-0ca308dd9d7d,windless.blue,available,13.98,32.98,high,low,8,namecheap,,,13/09/2026 12:14
eb611547-f8b5-4361-8791-025abe3b6a11,fontenoy.blue,available,19.99,24.99,medium,low,8,namesilo,,,22/09/2026 15:04
184fbf3c-87c3-4600-9500-abea963e6ae7,unitary.blue,available,13.98,32.98,high,low,7,namecheap,,,12/09/2026 13:58
de44401f-fc88-4760-951b-296e99fbe4f0,bhang.blue,available,19.99,24.99,medium,low,5,namesilo,,,23/09/2026 12:34
5b0d282a-9896-4d48-acf7-0a243f9d7b33,goodly.blue,available,13.98,32.98,high,low,6,namecheap,,,20/08/2026 16:36
b256aa1f-dfb0-4e70-9182-a4b9e7f44b74,adust.blue,available,13.98,32.98,medium,low,5,namecheap,,,
770ce844-0741-4f85-803f-c40c8976a7e7,smitten.blue,available,13.98,32.98,high,low,7,namecheap,,,16/08/2026 21:16
c5bad77f-91e7-4893-8ac2-b2c6fb0a53f2,bakehouse.blue,available,13.98,32.98,high,low,9,namecheap,,,21/09/2026 20:13
71b41a96-2f83-4d36-9674-bbf19a549c20,sagacious.blue,available,13.98,32.98,high,low,9,namecheap,,,08/09/2026 18:02
db065c33-f692-4b42-ba19-8c322f6108ac,grievous.blue,available,13.98,32.98,medium,low,8,namecheap,,,07/08/2026 14:41
09a28b90-db6d-461a-9627-9d8cac14af9d,renewing.blue,available,13.98,32.98,high,low,8,namecheap,,,09/09/2026 14:06
4a749eac-f5ce-4bb6-9e94-ba8da53d7d09,aires.blue,available,19.99,24.99,medium,low,5,namesilo,,,25/09/2026 21:54
9a674c1f-7da5-411c-94d4-53dca273452b,attire.blue,available,19.99,24.99,high,low,6,namesilo,,,21/09/2026 01:52
3e717069-279d-45d9-86a0-c3b8df4c025c,renowned.blue,available,13.98,32.98,high,low,8,namecheap,,,11/08/2026 23:18
18631aaa-5034-40bb-8097-68d1f76f98cb,bae.blue,available,23.99,,high,low,3,name.com,,,
824032de-e877-4245-bd26-ebb2fc85c9ed,saxon.blue,available,13.98,32.98,high,low,5,namecheap,,,09/09/2026 22:11
6939008b-b488-43c6-94ee-630fe2fc64d2,grands.blue,available,19.99,24.99,medium,low,6,namesilo,,,20/09/2026 04:57
3448d2ce-b1df-4a23-8ffc-d2cb9167bce3,teasing.blue,available,19.99,24.99,high,low,7,namesilo,,,22/09/2026 05:24
e8b3126a-b9b4-4c0f-bc2c-83cac644d1a4,beguiled.blue,available,13.98,32.98,medium,low,8,namecheap,,,09/08/2026 09:46
0dbe3310-0add-4e31-9cb3-c344c0f6fbff,roth.blue,available,13.98,32.98,high,low,4,namecheap,,,25/09/2026 09:56
789ae421-da49-436a-9960-b4557a78a208,abaya.blue,available,19.99,24.99,high,low,5,namesilo,,,16/09/2026 14:18
b4df00e2-0066-4379-9c1b-2ede014bf386,positions.blue,available,19.99,24.99,medium,low,9,namesilo,,,19/09/2026 00:35
a77c3a95-abd5-4e1c-9d68-c7f0b575ce4a,stria.blue,available,19.99,24.99,high,low,5,namesilo,,,22/09/2026 01:18
e5db84d7-0258-4f3b-930c-1e75bf03f1de,unreached.blue,available,13.98,32.98,medium,low,9,namecheap,,,04/09/2026 18:48
e0a23b6c-9899-4ec1-9d64-73f5a3d72275,attachable.blue,available,13.98,32.98,medium,low,10,namecheap,,,07/08/2026 15:36
6c7cc0cc-5bba-4793-866a-2f10e873b029,employment.blue,available,23.99,,high,low,10,name.com,,,
6e877bac-1ec9-4cf7-a145-afbdb1d4c178,foiling.blue,available,13.98,32.98,high,low,7,namecheap,,,11/09/2026 15:16
858f0302-a70f-4a79-9ba9-077c9682f906,remains.blue,available,13.98,32.98,high,low,7,namecheap,,,27/09/2026 03:27
6305abee-36ba-4492-8ea2-52880e5065ae,sycamore.blue,available,19.99,24.99,high,low,8,namesilo,,,16/09/2026 23:36
8c65653a-238c-4dfb-800e-fce732d0161f,answers.blue,available,13.98,32.98,high,low,7,namecheap,,,25/09/2026 18:18
ab6efcf8-171f-4252-8d52-9f30fa4b2d52,germanic.blue,available,13.98,32.98,high,low,8,namecheap,,,18/08/2026 22:46
8ff87e75-397b-4ac0-b992-5799707c950d,complaints.blue,available,19.99,24.99,medium,low,10,namesilo,,,18/09/2026 03:41
7ea354c3-83ad-45df-b30c-26dfc6c56af1,grate.blue,available,13.98,32.98,high,low,5,namecheap,,,20/08/2026 18:33
552d6156-7b27-4f23-b375-bae7b38df41c,admonition.blue,available,19.99,24.99,medium,low,10,namesilo,,,17/09/2026 09:03
68e6ce96-bb3a-4aba-8cfc-e6653ff98b3e,sandhopper.blue,available,19.99,24.99,medium,low,10,namesilo,,,22/09/2026 18:44
6fcb7b7c-9279-48d9-ab7d-cc9cfa6f5963,learnt.blue,available,23.99,,medium,low,6,name.com,,,
b7d544c9-dcc2-4191-a612-8f12a5c91bb7,collapses.blue,available,19.99,24.99,low,low,9,namesilo,,,20/09/2026 09:36
c11618d6-d560-495c-a6a6-952b12e2a6d6,bergson.blue,available,13.98,32.98,medium,low,7,namecheap,,,23/09/2026 09:22
181932af-f5bc-4ea8-bb6a-59b7e690d61c,gip.blue,available,13.98,32.98,medium,low,3,namecheap,,,14/09/2026 08:07
60bdc568-1c4e-4727-aff7-8058a70cf7ce,dappled.blue,available,23.99,35.99,medium,low,7,name.com,,,13/08/2026 17:39
bd982252-abbc-48ba-9f13-9d9a45e5ccde,barbel.blue,available,19.99,24.99,medium,low,6,namesilo,,,22/09/2026 04:47
7d830667-7a44-462c-8d9a-162c219f3a0e,excused.blue,available,13.98,32.98,medium,low,7,namecheap,,,17/08/2026 16:44
73df8d32-6460-45df-bc57-c08a615af989,warfare.blue,available,23.99,,high,low,7,name.com,,,
223b8093-fa75-46fb-8af4-88ab83035097,caribbean.blue,resell,,,high,low,9,"Spaceship, Inc.",15/05/2022 17:00,15/05/2027 17:00,26/09/2026 04:46
5164555e-6f86-49f3-9773-4d489f0451e3,childlike.blue,available,13.98,32.98,high,low,9,namecheap,,,12/08/2026 05:12
523bd317-207a-42b2-b012-c69ad5c8aead,unyielding.blue,available,13.98,32.98,high,low,10,namecheap,,,14/08/2026 15:01
9ec8f96f-ecab-4e21-b7fd-323394492db0,nocent.blue,available,13.98,32.98,medium,low,6,namecheap,,,03/09/2026 18:02
f004e939-7189-4930-a406-e35a11e62e81,unlogical.blue,available,13.98,32.98,low,low,9,namecheap,,,21/08/2026 20:07
ba039860-239d-49db-9baf-10c691299df2,tectonic.blue,available,13.98,32.98,high,low,8,namecheap,,,06/08/2026 15:47
de145bbd-46c3-4de2-a0f4-4f1bdaee1bbb,bellicose.blue,available,13.98,32.98,low,low,9,namecheap,,,09/08/2026 01:44
326b2e04-110e-410c-a05f-595611f69090,pharmacy.blue,available,,,high,low,8,,,,
7f382cdb-93e4-425e-b60f-d2307690e212,nidifugous.blue,available,13.98,32.98,low,low,10,namecheap,,,03/09/2026 17:08
a275d0da-bf77-4e4b-b2e5-2d8db650eb85,choosy.blue,available,13.98,32.98,medium,low,6,namecheap,,,12/08/2026 06:53
83b9da73-07ee-4868-a0e5-e9a70ffb9ca9,benevolent.blue,available,13.98,32.98,high,low,10,namecheap,,,09/08/2026 14:27
2311fcb5-036a-4b44-b694-5c1ab2d95f76,bisayan.blue,available,13.98,32.98,medium,low,7,namecheap,,,23/09/2026 21:29
328307f9-9502-4a86-ab03-1c8440fb3964,apoapsis.blue,available,13.98,32.98,medium,low,8,namecheap,,,19/09/2026 18:07
0ada96a6-326a-4528-a5d7-accb6135e5b3,septuple.blue,available,13.98,32.98,medium,low,8,namecheap,,,10/09/2026 04:23
8a693d7a-cdc6-4e2c-94b6-4ded305a24f5,hallux.blue,available,19.99,24.99,medium,low,6,namesilo,,,23/09/2026 14:56
962c30b3-f60e-4732-b8f3-9be4d0fdb545,handler.blue,available,19.99,24.99,high,low,7,namesilo,,,19/09/2026 08:51
4f3149d9-d9c8-402f-8509-53a9c3f4a953,welkin.blue,available,13.98,32.98,high,low,6,namecheap,,,16/08/2026 21:01
6f639c31-6445-445a-9eae-9889c58de849,jocose.blue,available,13.98,32.98,medium,low,6,namecheap,,,22/08/2026 12:54
cb590ac3-d69d-4f83-8838-c2cf3fbdd1a1,redolent.blue,available,13.98,32.98,high,low,8,namecheap,,,17/08/2026 15:16
a262af45-eacf-48f7-86d9-2a8c931aefa0,ashore.blue,available,13.98,32.98,medium,low,6,namecheap,,,13/09/2026 22:07
c9141d55-a0c5-4d49-bc2a-48fbe7a35eec,wyeth.blue,available,19.99,24.99,high,low,5,namesilo,,,19/09/2026 04:48
88a3ba4c-265d-482c-82bc-e1a48f758689,undeterred.blue,available,13.98,32.98,medium,low,10,namecheap,,,12/09/2026 07:59
cb7f04f1-1b07-4e16-977d-a5d82c54ee5f,comic.blue,available,19.99,24.99,high,low,5,namesilo,,,23/09/2026 15:15
4917071c-67d6-4316-b383-41bb2442e1a7,barbuda.blue,available,19.99,24.99,medium,low,7,namesilo,,,22/09/2026 05:04
79b6d13e-d409-491c-a5eb-ea50be15b437,boneless.blue,available,13.98,32.98,high,low,8,namecheap,,,10/08/2026 18:38
7ae6763f-9581-4551-8d97-bc58202e6aff,nobble.blue,available,13.98,32.98,medium,low,6,namecheap,,,14/09/2026 07:56
4aa4cc71-ac50-449b-91d9-897c906b4a97,astheny.blue,available,19.99,24.99,low,low,7,namesilo,,,20/09/2026 17:17
d991d432-8db9-4244-b027-42b9d788aedc,shun.blue,available,13.98,32.98,high,low,4,namecheap,,,24/09/2026 02:00
730d2392-2f29-40b4-8ba6-0522b97e5400,rebellion.blue,available,23.99,,high,low,9,name.com,,,
069c428d-be79-47e2-a2ab-4e8ad92091ca,massively.blue,available,13.98,32.98,high,low,9,namecheap,,,15/09/2026 13:35
2286a3a6-1594-45a8-ae1d-d3e80c68e6f5,smarmy.blue,available,13.98,32.98,medium,low,6,namecheap,,,11/08/2026 11:46
f1be7174-5b5a-40a1-8a47-546a1cc857a2,torture.blue,available,13.98,32.98,high,low,7,namecheap,,,11/09/2026 18:03
3c5b5b08-820b-473b-814f-8d4520b5deda,actuate.blue,available,13.98,32.98,high,low,7,namecheap,,,09/09/2026 03:15
c8b7d0a2-784b-4d5a-86b2-37c1b9658c8f,fraud.blue,available,23.99,,high,low,5,name.com,,,
5e471265-8c66-41b2-ba2d-eb9bfbbe30f4,unstated.blue,available,13.98,32.98,medium,low,8,namecheap,,,12/09/2026 09:45
368ea1a5-6308-4d95-b0d7-f15320e14af5,terrifies.blue,available,19.99,24.99,low,low,9,namesilo,,,18/09/2026 07:37
d79ec32a-84fe-4570-af4a-791590cf2cf2,pellucid.blue,available,13.98,32.98,high,low,8,namecheap,,,13/08/2026 09:44
0972bdfc-b177-4c0d-9a71-ec1b027a3938,plumbing.blue,available,19.99,24.99,high,low,8,namesilo,,,22/09/2026 13:57
8d52aab5-573e-4baf-8aff-28483a7dc085,androgen.blue,available,19.99,24.99,medium,low,8,namesilo,,,19/09/2026 04:53
4539a9c3-8297-45d7-88ef-ad6283ad59ad,craftsman.blue,available,19.99,24.99,high,low,9,namesilo,,,20/09/2026 11:49
c984cf99-7d15-4523-9490-4690047a1b0f,kitschy.blue,available,13.98,32.98,high,low,7,namecheap,,,09/08/2026 00:53
9cfd4b7c-bd9a-4ee5-a20d-9297dfdaa66d,anatomy.blue,available,23.99,,high,low,7,name.com,,,
8b1d7467-5abf-451f-9977-7b3da42f2526,haircuts.blue,available,19.99,24.99,medium,low,8,namesilo,,,21/09/2026 07:16
f3bf5e58-da54-4e44-9476-5d6866fa5737,birthright.blue,available,13.98,32.98,high,low,10,namecheap,,,23/09/2026 21:20
75490b66-be39-4f50-b3bd-0abf1ab9b612,crunch.blue,available,13.98,32.98,high,low,6,namecheap,,,24/09/2026 19:53
d7855a23-6333-4036-a3c3-deb2041e3933,comfort.blue,premium,768,768,high,low,7,namesilo,,,24/09/2026 16:25
d778082f-f92e-41b6-8e8b-69e189271c3d,sizzling.blue,available,13.98,32.98,high,low,8,namecheap,,,10/09/2026 09:17
3b11eec0-d180-48fd-877b-4406347712d6,proclaiming.blue,available,23.99,,high,low,11,name.com,,,
13124a44-f057-49ab-bbdb-1cb11b1a689a,ambrosian.blue,available,13.98,32.98,high,low,9,namecheap,,,
360ed09d-7e80-4218-9913-d8f2a6b2f864,reservation.blue,available,19.99,24.99,high,low,11,namesilo,,,16/09/2026 11:10
3b034200-bfe0-4fb5-a92c-860f4c06050b,worthless.blue,available,13.98,32.98,medium,low,9,namecheap,,,14/08/2026 04:07
e0cc2f49-8bc5-47cc-aa26-a51626a7c60b,mastered.blue,available,13.98,32.98,high,low,8,namecheap,,,14/08/2026 17:35
008b1630-a531-4d9a-98eb-e812cc293b6d,differed.blue,available,19.99,24.99,medium,low,8,namesilo,,,20/09/2026 05:03
fedb8a64-a830-42f6-8b82-2c06fe0f68ea,assault.blue,available,19.99,24.99,high,low,7,namesilo,,,20/09/2026 15:48
1cf947c9-aa7b-4e3f-86aa-e1574d9652a3,hiv.blue,available,13.98,32.98,high,low,3,namecheap,,,25/09/2026 07:23
6c9407ef-954c-4dec-90f9-83ad6cafbe53,taxonomic.blue,available,13.98,32.98,medium,low,9,namecheap,,,11/09/2026 09:30
e2233348-5635-4ca2-83b8-66c623899008,onslaught.blue,available,19.99,24.99,medium,low,9,namesilo,,,21/09/2026 01:06
62aef023-17fb-4600-8960-de3dbbfb13a3,intense.blue,available,19.99,24.99,high,low,7,namesilo,,,25/09/2026 09:55
1d88cf7d-2b2e-48bd-9d52-b6cf410265e6,radioed.blue,available,19.99,24.99,medium,low,7,namesilo,,,20/09/2026 15:44
91ec44ec-c0b4-4dbb-906c-1dfed77bdab0,balagan.blue,available,19.99,24.99,medium,low,7,namesilo,,,21/09/2026 20:48
db2f133a-61e3-4cd0-80b8-31ee922eaa28,accepting.blue,available,19.99,24.99,high,low,9,namesilo,,,21/09/2026 15:33
abfd5979-793e-4d8a-ba35-0f649706b992,alkyl.blue,available,13.98,32.98,medium,low,5,namecheap,,,18/09/2026 08:34
2412823a-b0be-4035-a6dd-cd6c4d74dd0b,motel.blue,available,19.99,24.99,high,low,5,namesilo,,,25/09/2026 09:27
4c597301-0c46-4e72-878c-f6110f6a1b57,primer.blue,available,23.99,,high,low,6,name.com,,,
4201eb5d-bc18-4934-9e5c-157aac1dd2c3,harder.blue,available,13.98,32.98,medium,low,6,namecheap,,,26/09/2026 03:10
1acb8ec0-3f00-487c-a8d5-568b37ce7550,shiatsu.blue,available,13.98,32.98,high,low,7,namecheap,,,17/09/2026 05:40
036ff693-861d-4c82-b9c0-73d3416e27aa,balk.blue,available,13.98,32.98,medium,low,4,namecheap,,,14/08/2026 04:55
d6e9edeb-d000-47c0-a883-7fdd6ef2ba7d,disguise.blue,available,23.99,,high,low,8,name.com,,,
b3584ed2-ad74-4534-afb5-9e837a9197bc,bigamy.blue,available,19.99,24.99,medium,low,6,namesilo,,,23/09/2026 15:03
506ecdb6-9835-42c1-a5b5-ae16821295e8,hangdog.blue,available,13.98,32.98,medium,low,7,namecheap,,,20/08/2026 23:41
98fcc010-585f-4d94-bf80-e5452e44b258,maginot.blue,available,19.99,24.99,medium,low,7,namesilo,,,19/09/2026 04:15
88227176-3fa2-43e2-9ebb-73849205d539,influenced.blue,available,23.99,,high,low,10,name.com,,,
2c89bbed-2bd7-45f8-858d-144596328d7b,scabby.blue,available,13.98,32.98,medium,low,6,namecheap,,,09/09/2026 22:13
af822ad2-8776-4465-9523-ef289688edf1,parenting.blue,available,23.99,,high,low,9,name.com,,,
be074aeb-fccb-4495-b1e5-0c7e6466333a,arrests.blue,available,13.98,32.98,medium,low,7,namecheap,,,20/09/2026 19:12
7d826f92-d85e-4d84-b18e-4aaffcba1db6,onerous.blue,available,13.98,32.98,medium,low,7,namecheap,,,11/08/2026 10:31
1485ba8e-f2d2-434e-b24a-bfcf869322ae,watch.blue,available,23.99,,high,low,5,name.com,,,
e95d4b7e-f607-476e-a9da-9b3ed3d39457,sorely.blue,available,19.99,24.99,medium,low,6,namesilo,,,16/09/2026 05:13
1480cd51-6bd4-4830-9e67-50c52d4013ab,blazing.blue,available,13.98,32.98,high,low,7,namecheap,,,10/08/2026 13:33
83db86d6-ce7c-4178-a00c-7d4f2e2a954e,riskily.blue,available,13.98,32.98,low,low,7,namecheap,,,15/09/2026 23:50
46c4d870-b9f6-4057-95b0-4a84483bcfcb,coolness.blue,available,19.99,24.99,high,low,8,namesilo,,,24/09/2026 14:38
f8a71a4f-f462-4341-abe7-49503282c931,perforce.blue,available,13.98,32.98,medium,low,8,namecheap,,,15/09/2026 19:36
5bdf1527-8cae-40f8-a23c-eb8bbfbc3b83,languid.blue,available,13.98,32.98,medium,low,7,namecheap,,,22/08/2026 18:03
0500ae5e-4dd2-4027-b788-b2c885c1238b,unifying.blue,available,13.98,32.98,high,low,8,namecheap,,,12/08/2026 22:44
ae6d10a9-448e-4ce9-8356-ea6a8e4d8504,boomer.blue,available,13.98,32.98,high,low,6,namecheap,,,21/09/2026 13:18
e27625d8-d791-40c9-bcc3-5b5c5291f5cd,semiotical.blue,available,13.98,32.98,medium,low,10,namecheap,,,10/09/2026 03:15
e545c342-11d9-4339-8f8a-aadc06796639,opened.blue,available,13.98,32.98,high,low,6,namecheap,,,04/09/2026 16:13
dafb8fad-4e45-4027-9461-3477171798e1,teeth.blue,available,23.99,,high,low,5,name.com,,,
b1ba7e05-f61e-492b-bc66-0b559fd7dca8,hereby.blue,available,13.98,32.98,medium,low,6,namecheap,,,15/09/2026 00:25
40fd64b5-a1a0-4a07-8f9d-77874557bc9b,camouflage.blue,available,23.99,,high,low,10,name.com,,,
f28c9a4a-c67d-4a83-85fd-d54552b704e3,rhyming.blue,available,13.98,32.98,high,low,7,namecheap,,,09/09/2026 16:53
c03ccefc-1a67-4904-80fc-919ad0d99326,unaffected.blue,available,13.98,32.98,high,low,10,namecheap,,,11/09/2026 23:59
397a0bf4-8d19-4688-b02c-b4f404cb97d6,delineate.blue,available,13.98,32.98,high,low,9,namecheap,,,14/08/2026 00:39
68d96bbf-c35a-4330-9f30-8dfceb202eba,kerensky.blue,available,19.99,24.99,high,low,8,namesilo,,,18/09/2026 05:02
5f6636f7-ec74-4b7f-b5b5-336c019758a2,coalesced.blue,available,13.98,32.98,medium,low,9,namecheap,,,
3c8b3bd4-3ca0-4871-b632-8297ba4baac8,skimpy.blue,available,13.98,32.98,high,low,6,namecheap,,,10/09/2026 09:36
d58e37da-a939-4f6c-a145-a41909e03f66,dourly.blue,available,13.98,32.98,low,low,6,namecheap,,,14/09/2026 13:56
ae5f1e6c-212f-4107-a07c-99e18971765e,diluvian.blue,available,13.98,32.98,medium,low,8,namecheap,,,14/08/2026 07:51
5facc1ae-9682-425b-88fe-200075ba13e8,assuring.blue,available,13.98,32.98,medium,low,8,namecheap,,,07/08/2026 08:31
0387f7f1-a562-4ca0-b6ca-807ce7ebd400,stieglitz.blue,available,19.99,24.99,high,low,9,namesilo,,,18/09/2026 06:45
584d605f-f688-47d3-aa9f-88c5fe046a85,aerogram.blue,available,19.99,24.99,medium,low,8,namesilo,,,17/09/2026 13:04
97afa48e-78b5-41ba-9e57-2958cffa38e0,numinous.blue,available,13.98,32.98,medium,low,8,namecheap,,,03/09/2026 23:01
8518dad8-0df8-4d5a-a5ce-95df55a7862c,protozoon.blue,available,13.98,32.98,medium,low,9,namecheap,,,09/09/2026 04:16
1d96fac2-2b46-4dfe-a364-9ebe73ac3bbb,registration.blue,available,23.99,,high,low,12,name.com,,,
8e03f4da-38e6-45f0-a005-4331a1ee5417,intercede.blue,available,13.98,32.98,high,low,9,namecheap,,,22/08/2026 08:12
fa217a6f-1462-466b-84b9-d57c8ade1420,infatuated.blue,available,13.98,32.98,high,low,10,namecheap,,,16/08/2026 21:11
f3d7c435-4dea-49fa-8a26-bc48c63b4a8a,amplitude.blue,available,19.99,24.99,high,low,9,namesilo,,,18/09/2026 23:46
e6b666b3-2439-4d34-979d-2ff2bf87a229,matai.blue,available,13.98,32.98,medium,low,5,namecheap,,,24/09/2026 01:23
ea19b667-1e37-4da1-849a-bc02b5001fa6,baptists.blue,available,19.99,24.99,high,low,8,namesilo,,,22/09/2026 03:33
98682b9d-e642-4792-800d-e66892612d96,optimally.blue,available,13.98,32.98,medium,low,9,namecheap,,,15/09/2026 18:05
70644d0e-7aba-46ca-b251-defd986de72d,garb.blue,available,13.98,32.98,high,low,4,namecheap,,,19/09/2026 19:56
bfffd55c-2ce5-4750-9f05-65814e262a63,bimetal.blue,available,13.98,32.98,high,low,7,namecheap,,,09/08/2026 22:52
8f20e381-c0c2-4822-9a67-f3bd3e2bd8de,talented.blue,available,13.98,32.98,high,low,8,namecheap,,,18/08/2026 23:26
b99bc93c-c8ab-4091-9617-a91474adf121,decelerate.blue,available,13.98,32.98,medium,low,10,namecheap,,,10/09/2026 11:21
9aab19ab-5747-4c0a-8161-900876d2c309,reverse.blue,available,19.99,24.99,high,low,7,namesilo,,,23/09/2026 22:34
d031a65f-d39a-481e-8680-ca8c0fb00a8c,granddaughter.blue,available,23.99,,high,low,13,name.com,,,
24ad71d5-326b-4226-96e9-99ce31540e63,jesus.blue,premium,1300,1300,high,medium,5,namecheap,,,24/09/2026 20:31
f19d1738-7dc5-4c15-b9e4-5d62777961a8,piggish.blue,available,13.98,32.98,medium,low,7,namecheap,,,21/08/2026 10:18
cd8aeb18-a5e3-4428-9118-4f8163a559a7,vengeful.blue,available,23.99,,medium,low,8,name.com,,,
691ae604-0f85-4ec6-9de3-121a0ab8a428,elder.blue,available,13.98,32.98,high,low,5,namecheap,,,16/08/2026 01:32
d3ccfb12-6068-4c14-bf47-5d82d267d0b0,bathsheba.blue,available,19.99,24.99,medium,low,9,namesilo,,,22/09/2026 13:52
e52130ff-f163-48a4-a1b3-0606562282e3,overtime.blue,available,23.99,,high,low,8,name.com,,,
7e4bfb74-d990-4fe8-96cb-4b260a46845f,squalid.blue,available,13.98,32.98,medium,low,7,namecheap,,,10/09/2026 14:31
6e6653d9-796b-4839-89ed-02272515271d,chalky.blue,available,13.98,32.98,high,low,6,namecheap,,,11/08/2026 13:39
325d7b27-85a3-4a8c-8791-7b35c8f49079,logic.blue,resell,,,high,medium,5,Unstoppable Domains Inc,27/05/2023 15:15,27/05/2027 15:15,26/09/2026 07:17
b0ac530f-ebf7-421b-9121-84ae8d285d48,pithy.blue,available,19.99,24.99,high,low,5,namesilo,,,19/09/2026 23:01
fa3e25ef-dd28-46d3-b38b-92311e248f93,outward.blue,available,13.98,32.98,high,low,7,namecheap,,,04/09/2026 19:00
d746a51e-6d68-4016-8291-a95dc38d0507,hilarious.blue,available,13.98,32.98,high,low,9,namecheap,,,21/08/2026 09:21
9eec4d9e-2872-4133-8df9-b9e061062e53,thenar.blue,available,13.98,32.98,medium,low,6,namecheap,,,11/09/2026 12:51
7f15bf31-a948-4170-9218-e45c9ec8fa9c,overfull.blue,available,13.98,32.98,medium,low,8,namecheap,,,20/08/2026 15:31
f0fd742a-3918-45d6-9bdc-131ad3cfcd04,kinder.blue,available,,,high,medium,6,,,,
4e15f03a-ee2f-4836-98ec-5f595eddbc84,assayer.blue,available,19.99,24.99,medium,low,7,namesilo,,,20/09/2026 15:59
a2998329-193a-4cbe-9486-74fbea5ce86d,sometime.blue,available,13.98,32.98,high,low,8,namecheap,,,10/09/2026 14:04
e637eeca-6d67-4205-830e-beac8f4b9232,honcho.blue,available,13.98,32.98,high,low,6,namecheap,,,10/08/2026 20:40
85c8339c-6967-4e52-9f1a-c9eb733b66b0,albatross.blue,available,19.99,24.99,high,low,9,namesilo,,,18/09/2026 02:28
be30b40f-fb9a-4056-9bf5-edcd4a0df865,likeness.blue,available,19.99,24.99,high,low,8,namesilo,,,18/09/2026 07:48
1cef0a80-e1c8-463c-adb4-094acc272c0c,bashful.blue,available,13.98,32.98,high,low,7,namecheap,,,08/08/2026 22:01
9dc76ae6-fa28-4a74-bb49-3a17175d9559,unlettered.blue,available,13.98,32.98,medium,low,10,namecheap,,,21/08/2026 18:33
7fa82a53-1f04-4f69-a120-d59f1304e4c9,detest.blue,available,23.99,,medium,low,6,name.com,,,
a0178b63-d503-4e10-afa0-c82247a5768f,heel.blue,available,23.99,,high,low,4,name.com,,,
45de95c7-496a-44cd-9d54-ae877fb12438,colossus.blue,available,19.99,24.99,high,low,8,namesilo,,,23/09/2026 03:27
5837a6e0-a7fe-4dba-9b59-c1d3059866fd,affected.blue,available,13.98,32.98,high,low,8,namecheap,,,
3572a7dd-3b75-4db6-95bb-9bf74f66a4b4,mingy.blue,available,13.98,32.98,low,low,5,namecheap,,,24/08/2026 23:43
ed8fda39-2ec7-4699-9bc3-953a33755f4f,debacle.blue,available,13.98,32.98,medium,low,7,namecheap,,,13/09/2026 07:56
5ca3547e-f1d7-4483-ab0f-168ca10bcae6,syncretic.blue,available,13.98,32.98,medium,low,9,namecheap,,,11/09/2026 06:21
56dd1312-9973-47c7-990d-50c63503e1e1,acetonic.blue,available,13.98,32.98,medium,low,8,namecheap,,,
38727211-7dc2-4938-9787-86e1f57fdcd2,proustian.blue,available,13.98,32.98,medium,low,9,namecheap,,,09/09/2026 04:22
49c23274-23c7-4586-b5a5-46a76f1e2bd4,overt.blue,available,13.98,32.98,high,low,5,namecheap,,,04/09/2026 21:53
d4d55f61-d228-4559-a6d1-f3776f4924f4,hairdryers.blue,available,13.98,32.98,medium,low,10,namecheap,,,20/09/2026 13:02
55736b47-06fe-43c6-8e75-9069868de39c,adorer.blue,available,19.99,24.99,high,low,6,namesilo,,,17/09/2026 09:45
3d91f74c-f88e-4351-9c2b-b03790c67b38,arbitrarily.blue,available,23.99,,medium,low,11,name.com,,,
0dac9533-9bfe-4264-8d31-cead154645e0,anomic.blue,available,13.98,32.98,medium,low,6,namecheap,,,
db27435a-61d0-4f61-bb62-4ef714b76e30,babka.blue,available,19.99,24.99,high,low,5,namesilo,,,21/09/2026 12:47
ddc1515f-d3e8-422e-b79a-f2bb87aea238,intellect.blue,available,13.98,32.98,high,low,9,namecheap,,,22/08/2026 07:54
d6bf9129-97a8-4fdc-8218-6af6759caccc,children.blue,available,23.99,,high,low,8,name.com,,,
e33dd098-7a03-41d3-814c-731732b3b96d,freight.blue,available,19.99,24.99,high,low,7,namesilo,,,23/09/2026 08:23
75d90934-191b-4dc5-9495-f1022312c60b,ascot.blue,available,19.99,24.99,high,low,5,namesilo,,,20/09/2026 13:27
e95bd52d-d7ed-4242-bdf0-a8852f09c9db,monstrous.blue,available,13.98,32.98,medium,low,9,namecheap,,,07/08/2026 14:47
f655e8ca-bb2b-4f8c-8d73-2b32646c4f5c,discreet.blue,available,13.98,32.98,high,low,8,namecheap,,,12/08/2026 08:23
b229a366-b668-4654-990c-3d0ad27df066,salving.blue,available,13.98,32.98,medium,low,7,namecheap,,,14/08/2026 01:40
8b1ce1c3-fcae-4fb1-be65-3ec728cfd046,volunteers.blue,available,19.99,24.99,high,low,10,namesilo,,,18/09/2026 01:21
6ce2c8f3-e313-41d2-8409-dd9982e9b3c3,evoked.blue,available,13.98,32.98,medium,low,6,namecheap,,,16/08/2026 04:33
422e87e4-a3c0-4db3-aece-2154ba01cfb8,sufferer.blue,available,13.98,32.98,medium,low,8,namecheap,,,24/09/2026 22:36
2752b733-8707-4d0a-af62-5c2bc5a01289,googler.blue,available,23.99,,high,low,7,name.com,,,
fc9ec15f-dd2e-454b-8d44-ec9cc6e2657f,bankruptcy.blue,available,13.98,32.98,high,low,10,namecheap,,,22/09/2026 02:50
b9573d1d-fc1e-4321-9664-2e8fee3ec6c0,distributed.blue,available,13.98,32.98,high,low,11,namecheap,,,
b95ecfbf-f007-4d65-82ea-269db72bb94d,lvi.blue,available,13.98,32.98,high,low,3,namecheap,,,
ac4e5fff-30b4-4fb1-a22d-94957a88a8b9,arenga.blue,available,19.99,24.99,medium,low,6,namesilo,,,20/09/2026 03:43
a6c8c1a2-72cd-44da-9561-3f7b1e567ac9,politic.blue,available,13.98,32.98,high,low,7,namecheap,,,08/09/2026 23:06
2a2589d6-acc7-4387-9a68-1a427f81795b,calendars.blue,available,13.98,32.98,medium,low,9,namecheap,,,16/09/2026 19:52
c5d55804-886a-479d-99ae-0ecac3462945,braced.blue,available,13.98,32.98,medium,low,6,namecheap,,,11/08/2026 00:17
7867e87d-7b44-47af-a577-069554946aaa,slicked.blue,available,13.98,32.98,medium,low,7,namecheap,,,08/09/2026 20:52
050e6a10-14cd-41c3-8af2-b5750ca1328c,compounded.blue,available,13.98,32.98,high,low,10,namecheap,,,12/08/2026 19:34
169bc35a-e037-47b4-ba07-750d0ce72360,incorrect.blue,available,19.99,24.99,high,low,9,namesilo,,,25/09/2026 08:08
e7f3b0f9-ccd1-448e-8aa3-76911913b6ff,surrogate.blue,available,19.99,24.99,high,low,9,namesilo,,,22/09/2026 02:27
caec87df-36b3-4f7b-b4f9-3c0b946e2fd0,tomboyish.blue,available,13.98,32.98,medium,low,9,namecheap,,,21/08/2026 14:32
019c0f89-7443-4a1b-9a29-ed49182519a2,gaston.blue,available,19.99,24.99,high,low,6,namesilo,,,25/09/2026 12:38
61308a4c-58b8-4f03-a273-48e89d3ca277,unshared.blue,available,13.98,32.98,medium,low,8,namecheap,,,12/09/2026 19:38
e4333f69-b15c-45a4-bc8d-d8b7be523097,consulting.blue,available,19.99,24.99,high,low,10,namesilo,,,26/09/2026 05:13
66333cbb-b94d-4413-8d3d-5904738f90d4,amanuensis.blue,available,19.99,24.99,medium,low,10,namesilo,,,18/09/2026 15:49
af98a971-53f3-404a-975f-416b4f5772b8,overland.blue,available,13.98,32.98,high,low,8,namecheap,,,04/09/2026 20:56
999733ef-c1b4-431a-a052-71de0a955f49,expedite.blue,available,23.99,,high,low,8,name.com,,,
df942ce0-e671-4ade-9778-a4afb8b36422,noteworthy.blue,available,13.98,32.98,high,low,10,namecheap,,,03/09/2026 22:01
571aff3a-4345-40c7-a25b-5a9492293d4a,atheist.blue,available,19.99,24.99,medium,low,7,namesilo,,,22/09/2026 10:58
6197c77e-fbc2-4134-b5c5-7341986848db,autopsy.blue,available,13.98,32.98,high,low,7,namecheap,,,21/09/2026 07:38
eceb990d-4980-42a6-8758-937c1a7f6dcc,scotchtape.blue,available,19.99,24.99,high,low,11,namesilo,,,16/09/2026 11:38
200f2417-bf10-4de0-8cec-fec03d0aa7ba,unshoed.blue,available,13.98,32.98,low,low,7,namecheap,,,12/09/2026 19:51
171e2a6a-dd58-4a2d-8f42-b25a37d699b6,group.blue,resell,,,high,low,5,Squarespace Domains II LLC,06/07/2020 14:30,06/07/2028 14:30,26/09/2026 06:30
634117d8-f735-4bab-a3ea-e6d64f531501,sugarless.blue,available,13.98,32.98,medium,low,9,namecheap,,,19/09/2026 15:11
6da365b7-60b3-4032-94e0-3b970048d4d8,fund.blue,resell,,,high,low,4,Squarespace Domains II LLC,07/11/2015 16:57,07/11/2028 16:57,26/09/2026 06:17
aa01dad9-b722-4294-843e-a194a85c5529,talus.blue,available,19.99,24.99,high,low,5,namesilo,,,19/09/2026 09:46
bb6d1c66-7804-418b-8eb4-b161df2ed7bf,drippy.blue,available,13.98,32.98,medium,low,6,namecheap,,,09/08/2026 00:32
9b551f64-a6b6-4d7b-9546-d26ca2043f26,bypast.blue,available,13.98,32.98,medium,low,6,namecheap,,,11/08/2026 12:08
bd01a9c3-4582-4440-9d6d-548274576b94,energizer.blue,available,19.99,24.99,high,low,9,namesilo,,,19/09/2026 09:06
1e49245e-5082-43ae-bc5b-17d79ecedd8a,stocked.blue,available,13.98,32.98,high,low,7,namecheap,,,10/09/2026 20:54
9bd75ff4-e217-46f1-b826-77e8c288d6a5,turkmen.blue,available,13.98,32.98,medium,low,7,namecheap,,,11/09/2026 21:19
db045954-5227-494c-bce9-981785de9f9b,marly.blue,available,13.98,32.98,medium,low,5,namecheap,,,24/08/2026 16:08
c2cc9d25-5a7e-4aa4-910b-3ff6f3d173a9,doric.blue,available,13.98,32.98,high,low,5,namecheap,,,14/08/2026 16:13
8e1bc3d9-fa85-4521-aabd-a0969d7e2115,guile.blue,available,13.98,32.98,medium,low,5,namecheap,,,13/08/2026 10:41
ff7b1d02-4852-473b-80c6-1279d4658d3d,diminished.blue,available,13.98,32.98,medium,low,10,namecheap,,,07/08/2026 15:00
aa4e94c0-ecf6-4f2d-a34c-eae02750f33a,midi.blue,available,13.98,32.98,high,low,4,namecheap,,,24/08/2026 22:34
35f22870-2a4c-473a-8e25-546bf9d883ca,armoracia.blue,available,19.99,24.99,medium,low,9,namesilo,,,20/09/2026 07:23
e82389ff-6c8f-4096-9d62-2498398a9a0a,squishy.blue,available,13.98,32.98,high,low,7,namecheap,,,10/09/2026 16:26
869b542e-8884-4bfc-80c1-9a84c0097c41,flipped.blue,available,19.99,24.99,medium,low,7,namesilo,,,18/09/2026 12:06
61628800-18d8-45c6-a0f3-0910d2760ba1,helicopter.blue,available,19.99,24.99,high,low,10,namesilo,,,25/09/2026 05:19
39926b48-4776-4033-ad0e-033b4bac64a0,shows.blue,available,19.99,24.99,high,low,5,namesilo,,,18/09/2026 14:42
f555b3cc-05f6-40af-a5cb-7e2c88b387be,willard.blue,available,19.99,24.99,medium,low,7,namesilo,,,25/09/2026 05:33
32526b69-3bce-4a5d-a08f-4686cb7dca8f,undertake.blue,available,13.98,32.98,high,low,9,namecheap,,,24/09/2026 17:44
ef9d1c4b-5f59-42a6-b732-b3dcca39f1a2,diametral.blue,available,13.98,32.98,medium,low,9,namecheap,,,14/08/2026 05:54
7cf56150-3142-40cf-954e-3056c626f8e4,fathomable.blue,available,13.98,32.98,medium,low,10,namecheap,,,17/08/2026 23:40
75ac57e2-194c-4998-8263-519b332e7d51,potent.blue,available,13.98,32.98,high,low,6,namecheap,,,09/09/2026 00:48
f89a52ad-b678-4bdc-bfd4-9af2f39f2367,cubitus.blue,available,19.99,24.99,high,low,7,namesilo,,,20/09/2026 11:25
19da8568-4ab3-4ca4-a6e8-ed2bf65bea74,roamer.blue,available,13.98,32.98,high,low,6,namecheap,,,23/09/2026 20:14
6c7f496f-3538-4d03-b5b3-a6a5315824b7,ugly.blue,available,23.99,35.99,high,low,4,name.com,,,24/09/2026 06:45
ecbb70b9-fe6d-40d9-85d5-e8bb6f2edcf0,sleeved.blue,available,13.98,32.98,high,low,7,namecheap,,,10/09/2026 10:43
21fdb7f2-170b-491f-a9f7-15ece394e0c6,hampton.blue,premium,640,640,high,low,7,namesilo,,,25/09/2026 06:48
1c31c331-62c0-4a67-a310-ca5f0caf004d,twee.blue,available,23.99,35.99,high,low,4,name.com,,,13/08/2026 15:49
5c2d10e5-d78e-4857-83af-382797ab66ee,chummy.blue,available,13.98,32.98,high,low,6,namecheap,,,11/08/2026 07:44
5390028a-79b7-4ac4-a0be-e40d01134975,pyretic.blue,available,13.98,32.98,medium,low,7,namecheap,,,09/09/2026 07:03
a3ba58f2-1f21-4acf-809b-1d2574beb1f1,polymeric.blue,available,13.98,32.98,medium,low,9,namecheap,,,08/09/2026 23:25
885f84bb-88eb-43f0-ad59-1919e6b9a799,agal.blue,available,19.99,24.99,high,low,4,namesilo,,,17/09/2026 16:00
a4371cf5-0340-4bdd-9612-b675a8b621a1,reticent.blue,available,23.99,,medium,low,8,name.com,,,
521c9880-72c3-4df4-a87d-8cc6617efd5e,provable.blue,available,13.98,32.98,high,low,8,namecheap,,,09/09/2026 04:24
fb8aaea8-c2cf-45ef-9ff8-db862e83729a,recovered.blue,available,13.98,32.98,high,low,9,namecheap,,,13/08/2026 11:06
6f4e0ed8-3054-459d-8fc1-4d333305a759,psychologist.blue,available,23.99,,high,low,12,name.com,,,
485870d4-ffbc-4530-b5c6-ed28772cdc45,sufi.blue,available,13.98,32.98,high,low,4,namecheap,,,11/09/2026 01:14
f75a4aa3-a4ad-49f8-901e-82a1ee29c83d,intent.blue,available,13.98,32.98,high,low,6,namecheap,,,
4da53f03-0d47-4b27-bf80-ade54fde7de9,publication.blue,available,23.99,,high,low,11,name.com,,,
69e77216-11d4-4b38-b39f-cfdd8f9e9387,slashing.blue,available,13.98,32.98,high,low,8,namecheap,,,10/09/2026 10:08
90378f04-690f-4145-abd6-b32d72708f63,hieroglyph.blue,available,13.98,32.98,high,low,10,namecheap,,,21/08/2026 08:33
008f5094-fc92-4cb2-82a6-1e9f7c5e5cde,hideous.blue,available,13.98,32.98,medium,low,7,namecheap,,,21/08/2026 08:13
5cc934b1-2dfd-46a4-8abe-b5078bee1c43,projecting.blue,available,13.98,32.98,high,low,10,namecheap,,,22/08/2026 14:48
a4c6c513-1b8c-479e-9bba-453078a51cc3,astray.blue,available,13.98,32.98,medium,low,6,namecheap,,,13/09/2026 22:14
b9137420-6e6a-48d0-a01e-00dabb4b7676,chuckle.blue,available,19.99,24.99,high,low,7,namesilo,,,24/09/2026 14:48
a5a16853-1e7c-4e49-9ae3-e69bcb697873,cesium.blue,available,19.99,24.99,medium,low,6,namesilo,,,20/09/2026 23:15
d17859b3-703f-468f-9e6e-60d787281db4,trilateral.blue,available,13.98,32.98,medium,low,10,namecheap,,,11/09/2026 14:28
6b7931d7-5a87-4de0-970e-0acd59f108b3,healthily.blue,available,13.98,32.98,medium,low,9,namecheap,,,14/09/2026 23:15
15c7f86d-c7f8-41ff-ad3c-dd70586f59da,lips.blue,available,23.99,,high,low,4,name.com,,,
80fb9ac6-88eb-4ae2-a7aa-8936d61345bf,dishonor.blue,available,23.99,,high,low,8,name.com,,,
7e960ccd-6989-44d7-a9d5-b133a5199588,postcards.blue,available,13.98,32.98,medium,low,9,namecheap,,,18/09/2026 23:33
a6cda302-2b7e-4090-b896-47428ef7b98a,transonic.blue,available,13.98,32.98,medium,low,9,namecheap,,,10/09/2026 14:11
d8fda0b4-b25a-4cc3-91f0-c167018cd969,accra.blue,available,19.99,24.99,high,low,5,namesilo,,,16/09/2026 23:13
a5168d57-392c-470b-b3d1-1ebaff18a64b,words.blue,available,19.99,24.99,high,low,5,namesilo,,,25/09/2026 15:51
01cffb36-27ec-4170-b54f-c4199cda910f,kill.blue,available,19.99,24.99,high,low,4,namesilo,,,24/09/2026 11:57
8a2a7cfa-a716-4651-bc56-ff289ab6b618,anoa.blue,available,19.99,24.99,medium,low,4,namesilo,,,19/09/2026 11:10
ad93f911-2f9c-479c-bfd3-47e9fe7ac502,overcomes.blue,available,19.99,24.99,medium,low,9,namesilo,,,21/09/2026 04:26
858ae46f-94b7-45a0-bb8a-36996056ec2c,rustic.blue,available,13.98,32.98,high,low,6,namecheap,,,
2b695e91-7702-49e6-8d54-53086263c64a,smartly.blue,available,23.99,,high,low,7,name.com,,,
9ee77c16-593e-414f-9cc8-035e24b37b15,grinder.blue,available,13.98,32.98,medium,low,7,namecheap,,,25/08/2026 03:40
267a07b0-2788-4839-825e-e9ec7f8ae875,corrugated.blue,available,13.98,32.98,medium,low,10,namecheap,,,13/08/2026 02:13
c0950e4e-d680-448c-9f2f-e7f4da3fa270,charnel.blue,available,13.98,32.98,medium,low,7,namecheap,,,12/08/2026 02:37
3a25e169-140b-4024-a5fe-7b8a2d0b9f24,sake.blue,premium,78.54,78.54,high,low,4,namesilo,,,27/09/2026 05:08
ea022d24-a5e0-481b-a413-2893bef46105,vodka.blue,premium,3750,,high,low,5,name.com,,,
a04ca788-d78c-4025-aacb-f6c8b316aabb,dextral.blue,available,13.98,32.98,medium,low,7,namecheap,,,14/08/2026 05:28
c29c5913-d5b3-47ad-b51e-c8f86ec8fbda,jilted.blue,available,13.98,32.98,medium,low,6,namecheap,,,22/08/2026 13:23
424830da-e4f7-4005-b331-6ba507b916b4,siege.blue,available,19.99,24.99,high,low,5,namesilo,,,23/09/2026 04:50
cddca79b-2d7f-4f24-9903-49177c47a854,prepare.blue,available,23.99,,high,low,7,name.com,,,
b2f1add4-3ea1-4cf3-9d17-5d0abf77ff1c,chorally.blue,available,13.98,32.98,medium,low,8,namecheap,,,14/09/2026 06:49
6c7a9d44-a2ba-4a6d-a399-438541323a5b,elysian.blue,available,13.98,32.98,high,low,7,namecheap,,,16/08/2026 06:18
42715ea9-b31d-43d1-9f17-3d7b89324199,aunts.blue,available,19.99,24.99,medium,low,5,namesilo,,,18/09/2026 15:51
3d67f77a-9370-4d9a-b146-eee182fc000f,barwood.blue,available,13.98,32.98,medium,low,8,namecheap,,,
3f9d61b3-ccf6-49b0-aaa0-08cf899dbeee,deficient.blue,available,13.98,32.98,medium,low,9,namecheap,,,13/08/2026 23:22
f41061d2-17cf-4a49-a949-0e8570f5039d,hardy.blue,available,19.99,24.99,high,low,5,namesilo,,,22/09/2026 12:21
096d28df-ea51-46d5-b5de-da4b950eb038,malone.blue,available,13.98,32.98,high,low,6,namecheap,,,25/09/2026 05:13
64b0d0d2-1854-4c41-b317-d3c6d12b0bee,distal.blue,available,13.98,32.98,medium,low,6,namecheap,,,14/08/2026 13:03
f9b4ca78-90ca-4c75-814b-2662ad468734,rumbling.blue,available,13.98,32.98,high,low,8,namecheap,,,20/08/2026 20:34
e14fbf14-c6d7-46af-aa63-e8f5543a92af,airborne.blue,available,13.98,32.98,high,low,8,namecheap,,,
304b76c4-f4af-42b5-9dad-2401fc7d9821,blocked.blue,available,19.99,24.99,high,low,7,namesilo,,,22/09/2026 22:08
c652676e-4a7f-4d64-8037-463a4a06c676,resistible.blue,available,13.98,32.98,medium,low,10,namecheap,,,09/09/2026 15:20
f7ee2e1b-a0f8-4b9e-b3eb-edce4f6aeccc,eudaemonic.blue,available,13.98,32.98,medium,low,10,namecheap,,,17/08/2026 14:10
40ca0eef-5382-4c4c-8f89-39dbee2092ce,wasted.blue,available,19.99,24.99,medium,low,6,namesilo,,,22/09/2026 11:10
92bcf352-b5d4-4b5c-8975-83000a5b5b1c,astronium.blue,available,13.98,32.98,medium,low,9,namecheap,,,20/09/2026 18:03
4006a729-3a50-43a0-b330-0a5b3df47b6d,grecian.blue,available,13.98,32.98,high,low,7,namecheap,,,20/08/2026 19:44
f94295f0-2dd8-415c-beff-c0798d7c244a,necrotic.blue,available,13.98,32.98,medium,low,8,namecheap,,,03/09/2026 14:45
fff64c95-756a-4313-a6da-ae6ca405a14b,oddball.blue,available,13.98,32.98,high,low,7,namecheap,,,14/08/2026 23:25
acdce1bc-6d41-4ff1-b65e-90440f669c8e,twits.blue,available,19.99,24.99,low,low,5,namesilo,,,21/09/2026 06:16
a48d68ba-b250-4596-bcb2-eaf5a44c440c,unmanned.blue,available,13.98,32.98,medium,low,8,namecheap,,,09/09/2026 13:50
bb83fb0e-a961-43bb-b643-0c988d09ba67,nett.blue,available,13.98,32.98,medium,low,4,namecheap,,,03/09/2026 15:52
b2bf255c-0d6f-4148-bd00-58bcb029655e,steuben.blue,available,23.99,35.99,medium,low,7,name.com,,,22/09/2026 07:05
4d0a8e5b-7cd3-42b4-9197-974fa1becd0f,mammalian.blue,available,13.98,32.98,high,low,9,namecheap,,,24/08/2026 14:19
ac766198-82b8-4b4f-8396-9df14ecaee92,abiding.blue,available,19.99,24.99,high,low,7,namesilo,,,21/09/2026 13:52
aa0df190-f79a-4649-8e8a-9c095752bebb,cumbersome.blue,available,13.98,32.98,medium,low,10,namecheap,,,13/08/2026 10:25
b7768c3e-73fd-44a4-aad9-b6d176ae33a1,withered.blue,available,13.98,32.98,medium,low,8,namecheap,,,14/08/2026 19:11
7e6afa09-28eb-4193-a943-bf85b2189bed,scarecrow.blue,available,13.98,32.98,high,low,9,namecheap,,,23/09/2026 19:41
af6eadde-a36d-4f6f-bb49-367195ebb471,arthropoda.blue,available,19.99,24.99,high,low,10,namesilo,,,20/09/2026 10:41
7dacf1a6-e359-4937-8b11-a91152b90976,gloves.blue,premium,78.54,78.54,high,low,6,namesilo,,,25/09/2026 19:42
ff82f807-d4c5-4ab2-b980-2870bee2070f,nominee.blue,available,23.99,,high,low,7,name.com,,,
10a31bed-23a5-4270-9ae5-2cd2167e32ba,balancing.blue,available,13.98,32.98,high,low,9,namecheap,,,21/09/2026 20:56
ed163554-4aa8-4ba1-8d9d-5bff149f6e71,hipaa.blue,available,23.99,,high,low,5,name.com,,,
afba63ac-e0f4-462a-8be9-0bedab2bedb5,improving.blue,available,13.98,32.98,high,low,9,namecheap,,,21/08/2026 23:17
92ea1a93-162f-4673-8d9f-1febb3ccb894,serpentine.blue,available,13.98,32.98,medium,low,10,namecheap,,,10/09/2026 04:45
ab727ffa-9172-40e5-a1ae-ecbec7929aba,imuran.blue,available,19.99,24.99,medium,low,6,namesilo,,,21/09/2026 11:01
c7a6f96e-8ad1-40db-912a-32198b4cf6a2,benthic.blue,available,13.98,32.98,medium,low,7,namecheap,,,09/08/2026 14:45
e57467f6-3219-44fd-9f81-4bca5891f053,saws.blue,available,19.99,24.99,medium,low,4,namesilo,,,20/09/2026 09:02
292ef775-b6bc-40d8-8c19-9e7a557bf5ca,amplifier.blue,available,19.99,24.99,high,low,9,namesilo,,,18/09/2026 23:40
bb4d087b-a261-47dd-980f-7b621dae2e89,atropa.blue,available,13.98,32.98,medium,low,6,namecheap,,,21/09/2026 00:54
272a301c-6baf-4d9b-8245-2bb9828b6186,trivially.blue,available,19.99,24.99,low,low,9,namesilo,,,16/09/2026 09:31
7dde31d4-f8ea-4799-9e7a-58ad871ee4bf,northeast.blue,available,13.98,32.98,high,low,9,namecheap,,,03/09/2026 21:31
f3fb5d4d-70b7-4c64-8a94-389dbaad629e,sequester.blue,available,13.98,32.98,high,low,9,namecheap,,,12/08/2026 21:06
4b11cd07-e963-4e2a-9895-9151cd43c145,beaumont.blue,available,19.99,24.99,high,low,8,namesilo,,,22/09/2026 22:14
1355c286-1c8c-47af-b5e8-3674f4d26626,accountancy.blue,available,23.99,,high,low,11,name.com,,,
8db04806-e696-4c1b-aa36-3df12a1bdfca,pre.blue,available,23.99,,high,low,3,name.com,,,
fb510e54-307b-4a29-aaa4-c09d17538030,busybodied.blue,available,13.98,32.98,medium,low,10,namecheap,,,11/08/2026 11:28
17623832-26f3-41f2-9b1a-fad7afc42891,climbable.blue,available,13.98,32.98,medium,low,9,namecheap,,,07/08/2026 00:10
25aeabc1-097f-48f0-8fe3-5a60ebf44efd,crime.blue,available,13.98,32.98,high,low,5,namecheap,,,24/09/2026 19:24
b7d6e641-a824-4459-8dc6-f7711cd56c4b,allentown.blue,available,19.99,24.99,high,low,9,namesilo,,,18/09/2026 10:52
8b9fde81-e185-4db9-ba6d-9b18e59950ec,exiguous.blue,available,13.98,32.98,medium,low,8,namecheap,,,17/08/2026 17:18
0db387f1-82fa-4983-986f-1728333736aa,vertebral.blue,available,13.98,32.98,medium,low,9,namecheap,,,13/09/2026 04:33
cef959a5-90d6-4a2e-b68d-93c66dbe0251,charge.blue,resell,,,high,low,6,IONOS SE,30/06/2021 09:01,30/06/2027 09:01,26/09/2026 04:52
aa6667fe-f9c0-467f-9caf-cea96ff2d2a6,become.blue,available,23.99,,high,low,6,name.com,,,
82ac043c-e224-4d94-9be1-8ee2e6540d8d,hitchcock.blue,available,19.99,24.99,high,low,9,namesilo,,,18/09/2026 06:32
d9c88236-75ad-4491-9756-75b547242534,clams.blue,available,19.99,24.99,high,low,5,namesilo,,,24/09/2026 06:47
5d882170-79fa-4aff-a626-d555e8960e2b,mothy.blue,available,13.98,32.98,low,low,5,namecheap,,,25/08/2026 07:14
5ae82e3e-b8fc-4576-9336-d4af9824cb2d,eve.blue,available,19.99,24.99,high,medium,3,namesilo,,,24/09/2026 15:30
5bfc04b1-280f-4aa1-9afa-6cf4c35c4a82,apostle.blue,available,23.99,35.99,high,low,7,name.com,,,19/09/2026 19:18
62a1659f-b3d8-4537-a422-141db4e75ae4,stacks.blue,available,13.98,32.98,high,medium,6,namecheap,,,14/09/2026 23:24
86c01603-61e9-49a7-98d8-87e9ac69a399,overnight.blue,available,13.98,32.98,high,low,9,namecheap,,,22/09/2026 00:44
a2fdee4a-ace2-44e2-a7d6-fd13d005ca14,allice.blue,available,13.98,32.98,medium,low,6,namecheap,,,18/09/2026 11:05
8e83a6e5-5601-482f-8245-1b6146837c06,goddamn.blue,available,13.98,32.98,medium,low,7,namecheap,,,10/08/2026 12:46
bb0ea10b-5723-4f0a-a56c-2aff277631ab,sutton.blue,available,19.99,24.99,high,low,6,namesilo,,,25/09/2026 16:50
43611873-36bd-48a2-8ad7-a665911fec62,wanna.blue,available,19.99,24.99,high,low,5,namesilo,,,26/09/2026 00:48
27374d42-5800-488a-b68c-c74b6d8bdf63,backspacer.blue,available,19.99,24.99,medium,low,10,namesilo,,,21/09/2026 16:02
af56b8eb-c3db-4185-9f02-a802bc0d0e28,stale.blue,available,13.98,32.98,medium,low,5,namecheap,,,10/09/2026 18:24
7e55c971-747c-4f02-a03f-8fce2a916c8c,blackface.blue,available,19.99,24.99,medium,low,9,namesilo,,,24/09/2026 02:15
129e3c85-dcb1-40c3-bb5b-f5171b0d6320,saloons.blue,available,19.99,24.99,medium,low,7,namesilo,,,19/09/2026 22:32
6dd0cde5-fe78-41d9-ae5a-4509d80a46ba,nasal.blue,available,13.98,32.98,medium,low,5,namecheap,,,03/09/2026 13:33
188e0cdf-12b5-40ed-b664-13ee069be4ca,quarterly.blue,available,13.98,32.98,high,low,9,namecheap,,,09/09/2026 07:37
038897d6-3e6e-45d6-a2a9-9e1d071b2880,oafish.blue,available,13.98,32.98,medium,low,6,namecheap,,,10/08/2026 19:32
06a196e8-abb7-40bc-a351-84071e93ae15,aesculus.blue,available,19.99,24.99,medium,low,8,namesilo,,,17/09/2026 13:22
01ed40c9-8be3-438b-8c73-70ac060d224e,mcdonnell.blue,available,13.98,32.98,high,low,9,namecheap,,,27/09/2026 02:55
98582d6a-ac80-4a71-baca-22c482e2e1dd,bellboy.blue,available,19.99,24.99,high,low,7,namesilo,,,23/09/2026 05:55
ce045b01-ec1e-4ec2-8a7a-0416f2b56477,petalous.blue,available,13.98,32.98,medium,low,8,namecheap,,,08/09/2026 18:15
66232524-a8e5-43a2-87f0-155820290a3a,bonfires.blue,available,19.99,24.99,medium,low,8,namesilo,,,20/09/2026 12:29
ec3b7bd0-18d7-4e17-affc-8ebd98d9e90f,amniote.blue,available,19.99,24.99,medium,low,7,namesilo,,,18/09/2026 22:28
b19d76a2-9f52-4e6d-8785-d834ceb9a41e,erase.blue,available,23.99,,high,low,5,name.com,,,
4d7a79c6-6af2-4f53-a5d6-56cb784d8cd1,optically.blue,available,13.98,32.98,medium,low,9,namecheap,,,15/09/2026 18:03
b53471dc-4939-4d2c-be35-9e05f6c26fdd,went.blue,available,23.99,,high,low,4,name.com,,,
69364e5f-f168-4180-af7c-fd54c062a565,olsen.blue,available,19.99,24.99,high,low,5,namesilo,,,25/09/2026 12:35
f4c58f38-2f79-45ea-b686-2a5ba0a2c7ac,delay.blue,available,23.99,,high,low,5,name.com,,,
356bb0f3-d5d9-4e8b-9e2a-2e84128b0c05,understandable.blue,available,23.99,,high,low,14,name.com,,,
7df6a8b4-2cd1-465d-a753-84e74b1669ed,grower.blue,available,13.98,32.98,high,low,6,namecheap,,,17/09/2026 19:21
0ac6a381-5af4-4655-a899-74b243a1435f,actinium.blue,available,13.98,32.98,medium,low,8,namecheap,,,16/09/2026 19:56
947033ff-4077-42b1-aa2c-544acc4d20ff,alertly.blue,available,13.98,32.98,medium,low,7,namecheap,,,13/09/2026 18:40
35bdbaab-dbe5-441e-a1d3-b63100e152a4,distracted.blue,available,13.98,32.98,medium,low,10,namecheap,,,14/08/2026 13:08
3a0acc40-bb1d-480f-a4d9-1502fd8c6ddd,arcadia.blue,premium,640,640,high,medium,7,namesilo,,,20/09/2026 01:36
d3eb0dbd-b384-4a7e-bd36-0786e3293938,furnished.blue,available,13.98,32.98,high,low,9,namecheap,,,18/08/2026 18:50
925620c1-e3b7-4c66-b55f-b83750d760ac,outdated.blue,available,19.99,24.99,medium,low,8,namesilo,,,26/09/2026 03:15
49216fad-9719-4d13-9525-d25ae3d0e1b5,jawless.blue,available,13.98,32.98,medium,low,7,namecheap,,,22/08/2026 12:34
040bf8af-ebd5-48a8-9674-cde98644e043,basement.blue,available,23.99,,high,low,8,name.com,,,
d84086ac-ea4d-48db-a135-c71731ef384f,ammonium.blue,available,19.99,24.99,high,low,8,namesilo,,,18/09/2026 22:10
8777168f-7fe5-41bf-ae0a-799e9346fee5,wendy.blue,available,19.99,24.99,high,low,5,namesilo,,,25/09/2026 12:39
10ae8e15-7e51-46dd-a079-92ffff509bae,alienable.blue,available,13.98,32.98,medium,low,9,namecheap,,,
ab55624f-8771-4aeb-9278-f56c0c41c4cb,leonine.blue,available,13.98,32.98,medium,low,7,namecheap,,,22/08/2026 23:57
f3396f66-41fe-4ab2-b386-1be0f0ccd180,synaptic.blue,available,13.98,32.98,high,low,8,namecheap,,,11/09/2026 06:09
e2f3a6e7-c3cc-4f04-bda5-ed9c792002a9,albino.blue,available,19.99,24.99,high,low,6,namesilo,,,18/09/2026 02:58
ffc1121c-0f49-4d06-b8df-745b1ad62b81,postural.blue,available,13.98,32.98,medium,low,8,namecheap,,,09/09/2026 00:40
3bc69a9e-6378-4a2d-813f-e522bd6945fe,enforced.blue,available,13.98,32.98,medium,low,8,namecheap,,,17/08/2026 07:32
45e4983b-ad37-4b1f-aee9-1fc6ee58d2e8,limestone.blue,available,23.99,,high,low,9,name.com,,,
b68ba392-e625-49f6-83e0-5f7b2b3185d4,aerobic.blue,available,13.98,32.98,high,low,7,namecheap,,,21/09/2026 21:01
84f3cc2a-e432-4938-aba5-6ce8e43de7ac,acquire.blue,available,19.99,24.99,high,low,7,namesilo,,,25/09/2026 03:22
60449bd6-7ade-46e4-81ac-d2f5c10e6f21,debile.blue,available,23.99,35.99,medium,low,6,name.com,,,13/08/2026 20:28
9377266b-7743-4d08-ba4a-16fd7b0aa576,unisex.blue,available,13.98,32.98,high,low,6,namecheap,,,12/09/2026 13:52
1cdb26e7-9a77-4a22-aa5f-8a77447cfdc8,ruffle.blue,available,13.98,32.98,high,low,6,namecheap,,,11/09/2026 05:07
f8603218-a66d-4b72-a865-5a4c2f68aa0b,referable.blue,available,13.98,32.98,medium,low,9,namecheap,,,07/08/2026 01:28
43d5e466-efa6-4670-87b8-157e6951a8ee,mitotic.blue,available,13.98,32.98,medium,low,7,namecheap,,,25/08/2026 02:08
aa3ca96f-0f79-4515-a586-3b9fa7ebca58,bridge.blue,resell,,,high,medium,6,"Spaceship, Inc.",23/09/2020 14:30,23/09/2027 14:30,26/09/2026 04:36
e8ab7fca-8e20-46c7-bf5f-4a91a89ad343,notation.blue,available,19.99,24.99,high,low,8,namesilo,,,19/09/2026 10:43
6ab714ef-2014-492c-a96a-38727bef28b8,vitiate.blue,available,13.98,32.98,medium,low,7,namecheap,,,13/08/2026 02:22
1d4f0b2a-6c68-4de9-ab8b-a3b35feeaafa,congested.blue,available,13.98,32.98,high,low,9,namecheap,,,12/08/2026 21:46
ea8a96f3-d45d-4783-b145-b985f713747b,puddle.blue,available,13.98,32.98,high,low,6,namecheap,,,13/09/2026 09:43
b3529a54-e455-4cf1-b4eb-b14f84d93689,wheeler.blue,available,19.99,24.99,high,low,7,namesilo,,,23/09/2026 13:27
3d6c1b33-0191-4abc-a971-10738f7f2edb,downriver.blue,available,13.98,32.98,medium,low,9,namecheap,,,14/08/2026 18:01
26426737-24cc-49af-a1c4-dd8fedbd52eb,curtly.blue,available,13.98,32.98,medium,low,6,namecheap,,,14/09/2026 10:10
0fffd64b-da2d-425e-b334-b6c544ef4609,exception.blue,available,23.99,,high,low,9,name.com,,,
800007e9-ff32-4dbb-b146-c7da6c28c439,anatidae.blue,available,19.99,24.99,medium,low,8,namesilo,,,19/09/2026 03:26
79600841-a278-48a5-96b3-1b033176c403,motorised.blue,available,13.98,32.98,medium,low,9,namecheap,,,25/08/2026 08:28
0ebf8b8f-fdfb-43bc-a194-4aa68a373794,adidas.blue,available,23.99,,high,low,6,name.com,,,
67fb8e37-d4b1-4854-b2a1-da68d4a8556b,aural.blue,available,19.99,24.99,high,low,5,namesilo,,,22/09/2026 12:49
44c90fba-09fa-4357-b8d7-99f04af6eb62,spheric.blue,available,13.98,32.98,medium,low,7,namecheap,,,08/08/2026 10:16
0f887170-4524-4d19-9f9a-9158bf6fefad,hidebound.blue,available,13.98,32.98,medium,low,9,namecheap,,,21/08/2026 08:11
3098ae30-a4e2-48b4-9698-ef9ec7872eb8,deprave.blue,available,13.98,32.98,medium,low,7,namecheap,,,13/08/2026 02:24
dd78b357-5996-465d-a1f3-10f3e3a4e02e,eloquent.blue,available,13.98,32.98,high,low,8,namecheap,,,16/08/2026 06:14
1664f5df-7073-44e5-9bf8-efd2a5c7d094,vertically.blue,available,19.99,24.99,medium,low,10,namesilo,,,16/09/2026 10:53
cea87b67-2968-4542-a4fa-43546d902b87,modesty.blue,available,23.99,,high,low,7,name.com,,,
46c3f02a-ab12-470d-86c0-2e0306e8ea51,nonviolent.blue,available,13.98,32.98,high,low,10,namecheap,,,03/09/2026 21:04
d0d6a562-6563-4ff2-86e8-9bd80823cef0,junket.blue,available,19.99,24.99,high,low,6,namesilo,,,22/09/2026 03:02
28775d45-ff6d-4278-bf68-b1af9869955e,matthew.blue,premium,780,780,high,low,7,namecheap,,,25/09/2026 06:38
2034f3be-2a26-4ae5-bace-5ff8f76870e8,annelida.blue,available,19.99,24.99,medium,low,8,namesilo,,,19/09/2026 10:23
40855683-4522-452a-95e3-eed22f03bd3a,lifeless.blue,available,13.98,32.98,medium,low,8,namecheap,,,17/08/2026 15:52
b246b89d-73b4-4840-b62d-b396a171fa39,canadian.blue,available,19.99,24.99,high,low,8,namesilo,,,23/09/2026 12:40
fe037e22-78d1-49b0-8685-704f03269bfd,shoulder.blue,available,19.99,24.99,high,low,8,namesilo,,,20/09/2026 11:31
b34e2270-364c-41be-b6c0-4e3d63356115,aery.blue,available,13.98,32.98,high,low,4,namecheap,,,
e01da90d-fed5-483a-90eb-ff23dbd977c9,noisily.blue,available,13.98,32.98,medium,low,7,namecheap,,,15/09/2026 16:46
ce493671-b36e-4d81-8818-714f36e4fea7,barbarian.blue,available,13.98,32.98,high,low,9,namecheap,,,08/08/2026 15:26
da74bf34-01c2-4ceb-91f7-4ec59dcdde6c,effected.blue,available,13.98,32.98,medium,low,8,namecheap,,,15/08/2026 14:18
fdeee753-7b36-447e-b00e-001b6e88b76c,barrow.blue,available,19.99,24.99,medium,low,6,namesilo,,,22/09/2026 08:41
0d27c221-c459-425b-8880-af787095d1b7,isthmian.blue,available,13.98,32.98,medium,low,8,namecheap,,,22/08/2026 11:34
a4f781b7-3e26-4c0e-8936-dc55d5379d33,blazers.blue,available,19.99,24.99,medium,low,7,namesilo,,,20/09/2026 11:38
74e6c193-3f0a-4525-90d4-0c64b0ac4735,redstart.blue,available,23.99,35.99,high,low,8,name.com,,,18/09/2026 20:37
d286423c-e8cb-4eab-b15c-237d20a6c366,route.blue,available,19.99,24.99,high,low,5,namesilo,,,25/09/2026 07:52
798b5b24-8df4-4856-a8e9-1dd5493f91f2,catoptric.blue,available,13.98,32.98,medium,low,9,namecheap,,,11/08/2026 22:12
a4eb1e20-c91e-4a46-89d2-2a6ec9363ea6,caring.blue,available,19.99,24.99,high,low,6,namesilo,,,23/09/2026 13:03
3d9feba6-3956-462a-a0df-ddb5db2c3f2b,wonderfully.blue,available,23.99,,high,low,11,name.com,,,
2a078a0c-dd86-4f99-8f28-815fe57d5008,arguably.blue,available,13.98,32.98,medium,low,8,namecheap,,,13/09/2026 20:45
1f08f93f-1c56-40d4-88da-59d111b90766,replied.blue,available,19.99,24.99,medium,low,7,namesilo,,,18/09/2026 01:09
1076e718-c3db-4891-8f5d-5fa150bfa2e7,damask.blue,available,23.99,35.99,high,low,6,name.com,,,13/08/2026 16:09
b05df806-e1f7-4d91-9aa3-b202d29f42e3,specialty.blue,available,13.98,32.98,high,low,9,namecheap,,,18/08/2026 12:30
fb0674de-923a-4860-a859-c736e821144d,departure.blue,available,13.98,32.98,high,low,9,namecheap,,,08/09/2026 12:08
de6ceea8-0a05-4ed0-a5cd-a0427db90df2,peevish.blue,available,13.98,32.98,medium,low,7,namecheap,,,22/08/2026 10:21
f8b9af37-f7e7-453e-bae7-91cf1f22ddc3,topmost.blue,available,13.98,32.98,medium,low,7,namecheap,,,11/09/2026 17:46
b5d1321c-9eb2-4384-bb53-6763f1645746,cleanser.blue,available,19.99,24.99,high,low,8,namesilo,,,24/09/2026 15:26
1f6c51af-cf7f-4cd8-bac0-33ec96e10833,seafaring.blue,available,13.98,32.98,medium,low,9,namecheap,,,04/09/2026 00:22
ddde08ae-a6a8-441e-9f8a-5aced04f3f07,vacant.blue,available,13.98,32.98,medium,low,6,namecheap,,,13/09/2026 00:38
3e76d3b5-547c-4acb-94a3-f643459c2a73,azotic.blue,available,13.98,32.98,medium,low,6,namecheap,,,08/08/2026 02:53
cda8f275-2362-4857-ae52-0efbefa4c415,fonts.blue,available,19.99,24.99,medium,low,5,namesilo,,,20/09/2026 22:56
8e29ae01-72f2-4be0-bf61-a6840fc75060,dickey.blue,available,13.98,32.98,medium,low,6,namecheap,,,14/08/2026 06:29
34963c74-7a17-40e5-8994-0f3eba7838ce,lovingly.blue,available,13.98,32.98,high,low,8,namecheap,,,14/09/2026 19:14
2bcc6377-3ed9-4eea-9fbd-26a09c19466c,anchorite.blue,available,19.99,24.99,medium,low,9,namesilo,,,19/09/2026 03:44
5956498e-938c-484b-a9f4-a0787ce355ed,oppose.blue,available,23.99,,high,low,6,name.com,,,
c987c3e6-4321-41a8-b140-aed2a63f5ff2,cimarron.blue,available,13.98,32.98,high,low,8,namecheap,,,23/09/2026 15:12
82a60e55-548c-4400-9453-e448b6552ac7,dampen.blue,available,23.99,35.99,medium,low,6,name.com,,,13/08/2026 16:53
63369161-9f60-4a98-b67e-8585ec766b5e,views.blue,available,23.99,35.99,high,low,5,name.com,,,16/09/2026 22:00
0b9fe3b9-bbee-467b-979e-9940d55b9490,oppositions.blue,available,19.99,24.99,low,low,11,namesilo,,,20/09/2026 21:56
51b05f6e-398f-4575-b230-9f073ec498fd,angulate.blue,available,13.98,32.98,medium,low,8,namecheap,,,
1cd85c84-185c-459e-bbaa-89175237945a,tummy.blue,available,13.98,32.98,high,low,5,namecheap,,,22/09/2026 17:49
aee0debc-1e92-41a9-aa38-58eacba14cd9,genially.blue,available,13.98,32.98,medium,low,8,namecheap,,,13/09/2026 17:52
9b7da5e6-b6bd-4a89-b38b-e1b031deaaac,breakneck.blue,available,13.98,32.98,medium,low,9,namecheap,,,11/08/2026 03:08
5034b211-0bf5-4e0e-9dbc-17b04718d8e8,admass.blue,available,19.99,24.99,medium,low,6,namesilo,,,17/09/2026 08:43
a4a282c8-b553-4a6a-8769-3f6d4cd9ed30,und.blue,available,19.99,24.99,high,low,3,namesilo,,,25/09/2026 11:22
e7b656b2-5ee1-47ef-b8b7-5727532a8888,exhaust.blue,available,23.99,,high,low,7,name.com,,,
8afc9779-c373-4cd4-91e1-0b92413fd3fd,ended.blue,available,13.98,32.98,high,low,5,namecheap,,,
4c597cc1-38f1-4aa2-bc34-58c89adbb202,scorned.blue,available,13.98,32.98,medium,low,7,namecheap,,,14/08/2026 04:16
d7fc07c9-abf5-48fb-a500-430c82256a37,comose.blue,available,13.98,32.98,low,low,6,namecheap,,,12/08/2026 18:22
f9b07452-d88b-41bd-8958-f029a90d3f9c,bitty.blue,available,13.98,32.98,high,low,5,namecheap,,,10/08/2026 07:51
a5f866f8-f3bc-4a0d-a777-69991cd9539a,apery.blue,available,19.99,24.99,medium,low,5,namesilo,,,19/09/2026 16:43
5ef7027f-4774-4994-833b-c5131ca040ac,candescent.blue,available,13.98,32.98,medium,low,10,namecheap,,,11/08/2026 16:39
c8b2ba0d-a38e-4095-b1a4-9404f47c2668,bahraini.blue,available,13.98,32.98,medium,low,8,namecheap,,,08/08/2026 08:36
ffad2009-8f1e-4700-bf8d-b3e34e7997b5,actuation.blue,available,13.98,32.98,medium,low,9,namecheap,,,17/09/2026 05:23
7e3fd685-bdaa-442e-9f11-9693bab91f77,cloisonne.blue,available,13.98,32.98,medium,low,9,namecheap,,,12/08/2026 01:39
8e14bd67-730f-48d7-b5f0-b2d9c17c0142,revocation.blue,available,19.99,24.99,medium,low,10,namesilo,,,19/09/2026 11:02
4bf984c4-1e1e-48cc-b3ef-e44854a5a0e8,activeness.blue,available,19.99,24.99,high,low,10,namesilo,,,17/09/2026 05:11
f0062319-23b7-4e26-b2a5-db0987529c6b,climatic.blue,available,13.98,32.98,high,low,8,namecheap,,,12/08/2026 10:57
792d6f32-f86a-4b5a-940e-60996f3682a5,wrench.blue,available,23.99,,high,low,6,name.com,,,
c335d58a-d93d-4077-9b30-91c403738575,abeyance.blue,available,19.99,24.99,medium,low,8,namesilo,,,16/09/2026 15:20
066b927d-f232-4f82-870a-41345dc2ddf7,commensal.blue,available,13.98,32.98,medium,low,9,namecheap,,,12/08/2026 19:08
b9b03b7a-5e2a-42ff-9ea9-4f7a3b1c90c8,hexagonal.blue,available,13.98,32.98,high,low,9,namecheap,,,21/08/2026 07:50
4818af8f-c812-4279-a977-2eeeed5a061e,promoter.blue,available,23.99,,high,low,8,name.com,,,
704126b6-4370-46c0-a4e7-3d18756080d1,certainly.blue,available,13.98,32.98,high,low,9,namecheap,,,24/09/2026 21:00
3808a81a-7c5d-48b2-ae24-952ce0733cf0,unalarming.blue,available,13.98,32.98,high,low,10,namecheap,,,12/09/2026 00:14
ad6150fd-9a1b-4a88-ac99-580cdf60b9ff,and.blue,resell,,,high,medium,3,"GoDaddy.com, LLC",23/04/2015 18:24,23/04/2027 18:24,26/09/2026 03:52
a92c16b2-21b2-4ba8-9f60-34b0521297fd,basting.blue,available,13.98,32.98,medium,low,7,namecheap,,,22/09/2026 12:43
992fe739-6b54-40fb-94b3-853a2129b3f5,unmarried.blue,available,13.98,32.98,medium,low,9,namecheap,,,12/09/2026 15:26
b843d14d-a30d-4adb-9108-0fa2b1eed25b,blackfly.blue,available,13.98,32.98,medium,low,8,namecheap,,,19/09/2026 17:06
1003d522-9999-484a-9fd9-496d69420812,subaquatic.blue,available,13.98,32.98,medium,low,10,namecheap,,,10/09/2026 23:28
92fe17af-0337-40be-a9a8-1fddf5be5e9f,clipper.blue,available,19.99,24.99,high,low,7,namesilo,,,24/09/2026 15:46
bf011a21-fe99-4069-bb5f-64d45c418b06,motorsport.blue,available,19.99,24.99,high,low,10,namesilo,,,17/09/2026 06:38
657a8030-52e1-452a-a8ec-e028bc5a1c46,barbate.blue,available,13.98,32.98,medium,low,7,namecheap,,,08/08/2026 16:10
934bcd02-9f23-4291-96f7-436cb1cbf6f0,alizarin.blue,available,19.99,24.99,high,low,8,namesilo,,,18/09/2026 08:12
41a05a43-2875-420f-8a51-ae5d173ebe00,glorious.blue,available,13.98,32.98,high,low,8,namecheap,,,20/08/2026 14:48
96621498-9499-4e74-950d-b8c34a60982a,packs.blue,available,19.99,24.99,high,low,5,namesilo,,,20/09/2026 13:29
640233f6-5848-4c13-90dc-535c308afbee,alias.blue,available,23.99,,high,low,5,name.com,,,
d7a619d4-46b8-4254-bb30-149a1b70b9bd,recap.blue,available,23.99,,high,low,5,name.com,,,
01567a60-a316-4b1f-876e-04b0c43b8d28,picked.blue,available,23.99,,high,low,6,name.com,,,
2e412f7f-2f69-443f-aa77-adfdf42e543d,methodist.blue,available,13.98,32.98,high,low,9,namecheap,,,24/08/2026 21:58
ffb05f3a-e13b-46f9-9938-1d63a2c8c629,charioteer.blue,available,19.99,24.99,medium,low,10,namesilo,,,21/09/2026 04:25
b7a2b7d7-b26e-4b11-9ae3-e3baf5d24185,goodwin.blue,available,23.99,,high,low,7,name.com,,,
ac6a50c9-6fb3-4767-95e2-befd3262e461,fijian.blue,available,13.98,32.98,high,low,6,namecheap,,,18/08/2026 04:02
42744176-03a8-4be8-bd9f-c177e1d7e09d,timeworn.blue,available,13.98,32.98,medium,low,8,namecheap,,,08/08/2026 11:14
f2c59c26-47c8-4c33-9741-1fdb3b1d99d3,nonstop.blue,available,19.99,24.99,high,low,7,namesilo,,,22/09/2026 08:07
032cd3a1-9897-4b17-b740-d250f3c7d5a7,erik.blue,available,19.99,24.99,high,low,4,namesilo,,,25/09/2026 14:19
329d6de5-f98c-4735-b2cb-78b9ac82ec06,expired.blue,available,13.98,32.98,medium,low,7,namecheap,,,17/08/2026 18:21
bb4cf931-0b7c-41de-ae5c-ade6e4fac456,textual.blue,available,13.98,32.98,high,low,7,namecheap,,,11/09/2026 12:20
690f1c16-1b34-443b-b4d3-082b2e675a11,ragee.blue,available,19.99,24.99,medium,low,5,namesilo,,,17/09/2026 15:18
844b12b6-93a8-4fe8-aa59-46d0afc61b7d,bengal.blue,available,19.99,24.99,high,low,6,namesilo,,,23/09/2026 07:59
17c54750-68ff-4501-9ce7-da0227c4d358,laptops.blue,available,19.99,24.99,medium,low,7,namesilo,,,20/09/2026 12:33
1e3ccbc3-2a14-448e-9f06-381ee6428b67,hoggish.blue,available,13.98,32.98,low,low,7,namecheap,,,21/08/2026 10:16
c58c02f9-a72c-4688-9aeb-f39b1d5d48da,resentful.blue,available,13.98,32.98,medium,low,9,namecheap,,,09/09/2026 14:48
971c6cd5-d0f6-4f47-bc63-f0f67890bfa7,carousing.blue,available,13.98,32.98,medium,low,9,namecheap,,,08/08/2026 04:24
6fd174a7-f12a-45c8-9e63-106ffb39d2a5,astana.blue,available,23.99,35.99,medium,low,6,name.com,,,18/09/2026 00:11
be9e27a5-4093-45fa-ad14-acb84f7ea245,clinic.blue,available,,,high,low,6,,,,
5679a88f-2a6c-4845-81d7-ed792908233d,dolphin.blue,resell,,,high,low,7,Unstoppable Domains Inc,18/04/2025 17:00,18/04/2027 17:00,26/09/2026 05:38
463f1e7a-51a7-44a5-a723-c96faa1d2817,hump.blue,available,19.99,24.99,high,low,4,namesilo,,,24/09/2026 11:03
7cb3e243-c784-41cc-8e38-241c515d984f,didnt.blue,available,23.99,,medium,low,5,name.com,,,
e665b5bc-7cb3-473f-b38f-eca5960970ff,spoil.blue,available,13.98,32.98,high,low,5,namecheap,,,09/09/2026 08:16
fe304645-f2ed-4677-a094-5a46329db25c,slowcoach.blue,available,13.98,32.98,medium,low,9,namecheap,,,10/09/2026 20:27
df07f5b6-631d-47d2-843f-12b931631854,thence.blue,available,13.98,32.98,medium,low,6,namecheap,,,15/09/2026 00:13
c980d882-8e5a-49f5-8d59-a113f636a33f,alpena.blue,available,19.99,24.99,medium,low,6,namesilo,,,18/09/2026 13:31
098ea40c-04c2-4748-afcc-4906d30a5f41,bitch.blue,available,23.99,35.99,high,low,5,name.com,,,23/09/2026 00:22
10331e02-129c-484b-b22c-94c6426b4fd2,huddled.blue,available,13.98,32.98,medium,low,7,namecheap,,,21/08/2026 14:34
513f46b0-c5fd-4345-8d47-d0c28826fa1e,bishkek.blue,available,19.99,24.99,medium,low,7,namesilo,,,23/09/2026 21:43
804f05d9-ecb0-41b6-b10f-f7ea873b6f67,ain.blue,available,13.98,32.98,high,low,3,namecheap,,,
ac164989-64bc-414b-84ec-44e506bfdef0,indoor.blue,available,19.99,24.99,high,low,6,namesilo,,,16/09/2026 19:42
29c3bb22-4709-4963-a4b0-58167954ddb6,all.blue,resell,,,high,medium,3,"Chengdu West Dimension Digital Technology Co., Ltd.",19/07/2022 13:15,19/07/2027 13:15,26/09/2026 03:47
ec7aebc9-da64-43fd-8708-44f72ce9725f,basuto.blue,available,19.99,24.99,medium,low,6,namesilo,,,22/09/2026 13:01
ddf476a5-7f5e-47cb-8365-8d1a4732a7bb,adjuster.blue,available,19.99,24.99,high,low,8,namesilo,,,17/09/2026 08:32
fddda535-2c3f-4cde-a9cf-cbad3b38b5a6,animation.blue,available,19.99,24.99,high,low,9,namesilo,,,18/09/2026 08:09
f772dcdc-5416-4682-a830-01be3d368cf2,charmed.blue,available,13.98,32.98,high,low,7,namecheap,,,09/08/2026 09:57
babd042b-615f-4150-baa3-91fb2a1d0a7c,notices.blue,available,19.99,24.99,medium,low,7,namesilo,,,20/09/2026 07:18
f2ebbe9b-ea49-4487-b5ee-dc8f335663f0,meatless.blue,available,13.98,32.98,medium,low,8,namecheap,,,24/08/2026 18:33
7e28197c-40b0-4830-9194-2fbb11fdd145,ashram.blue,available,19.99,24.99,high,low,6,namesilo,,,20/09/2026 13:58
d0eec97b-357d-4f84-bfdc-133b48453a37,refine.blue,available,23.99,,high,low,6,name.com,,,
2757814d-9082-4566-bb3e-4f9fdebcb958,ringing.blue,available,19.99,24.99,high,low,7,namesilo,,,27/09/2026 05:00
439b2518-f8d6-4821-a626-b97bc61f27d6,gangling.blue,available,13.98,32.98,medium,low,8,namecheap,,,18/08/2026 20:08
056a51af-65ed-4a8e-8b35-a17bdebf14a1,proclaimed.blue,available,19.99,24.99,high,low,10,namesilo,,,22/09/2026 05:13
5ba84652-a291-45bb-bf86-acf1a05d3745,aspidistra.blue,available,19.99,24.99,medium,low,10,namesilo,,,20/09/2026 15:15
61560d51-f716-400c-94ec-426062fde139,privileged.blue,available,23.99,,high,low,10,name.com,,,
ee12698e-3278-45ef-9def-6bdd1bbd53b6,popular.blue,available,19.99,24.99,high,low,7,namesilo,,,27/09/2026 04:30
56fc180e-b1c2-4fe3-bdd9-d24da1d4d64a,stripling.blue,available,13.98,32.98,medium,low,9,namecheap,,,
de4197aa-69c0-4b8c-bc41-4cdf20d6f5e1,devotee.blue,available,13.98,32.98,high,low,7,namecheap,,,11/08/2026 07:49
b46d921c-9310-4a7f-b180-c763947762a7,military.blue,available,13.98,32.98,high,low,8,namecheap,,,25/09/2026 20:05
0621b9fa-8caf-4276-bbb6-d2b72c19fe18,fabian.blue,available,13.98,32.98,high,low,6,namecheap,,,17/08/2026 20:10
64a7f0d7-7048-4bb0-a2ad-34778c5418c1,nowise.blue,available,13.98,32.98,low,low,6,namecheap,,,15/09/2026 17:05
51baa4a1-d2a0-4214-b2b4-afcf42e55bd1,correct.blue,available,13.98,32.98,high,low,7,namecheap,,,24/09/2026 18:24
999785e6-b8c0-4c2e-a242-01583514ca81,dotcom.blue,available,13.98,32.98,high,low,7,namecheap,,,14/08/2026 16:26
03a53ab4-5435-4d72-8cb7-17472d32b4f2,focally.blue,available,13.98,32.98,medium,low,7,namecheap,,,14/09/2026 19:10
45395f90-7c8b-4cc1-9b40-84b6c305986d,flighty.blue,available,13.98,32.98,medium,low,7,namecheap,,,18/08/2026 08:11
067b657e-6d6b-4b74-b660-f99cd3a149a3,tabular.blue,available,13.98,32.98,high,low,7,namecheap,,,11/09/2026 06:55
01f2c868-35ea-48e4-afd6-dcd3a60e1c5f,breadfruit.blue,available,13.98,32.98,high,low,10,namecheap,,,20/09/2026 11:57
c4ef9821-cfae-4c92-bf6d-2800bcad85ac,affection.blue,available,19.99,24.99,high,low,9,namesilo,,,17/09/2026 14:16
a2284217-193b-4d22-b4c6-912b99b29c74,gratifying.blue,available,13.98,32.98,high,low,10,namecheap,,,17/08/2026 09:19
12d7e32f-8048-4173-862a-3703d4b1517a,noiseless.blue,available,13.98,32.98,high,low,9,namecheap,,,03/09/2026 18:13
2ad437dc-be92-4f88-995e-1201b77ea28d,tenanted.blue,available,13.98,32.98,medium,low,8,namecheap,,,11/09/2026 11:09
31f51a00-273c-4f7a-9258-d1ec1df3ead7,mincing.blue,available,23.99,35.99,high,low,7,name.com,,,13/08/2026 15:43
12413b02-4743-4057-97df-3ecd2d710a77,khakis.blue,available,23.99,,high,low,6,name.com,,,
b242e2bc-f911-4b23-bbf5-999e991738df,younger.blue,available,13.98,32.98,high,low,7,namecheap,,,25/09/2026 12:10
bf789cfa-77f4-47df-957d-e2165a2df1b7,apadana.blue,available,13.98,32.98,medium,low,7,namecheap,,,19/09/2026 16:10
fefc83b9-1b6e-407b-9121-145c79b0f719,structural.blue,available,19.99,24.99,high,low,10,namesilo,,,19/09/2026 17:09
dcd3d9cb-047e-4211-809b-240124b5823d,leopold.blue,available,19.99,24.99,medium,low,7,namesilo,,,25/09/2026 15:14
b164e388-d6f0-405f-8bcb-b59d181013d5,ingrowing.blue,available,13.98,32.98,medium,low,9,namecheap,,,22/08/2026 04:54
e38dbdcd-835e-4ca6-a542-243e1ef8cee1,aurous.blue,available,13.98,32.98,medium,low,6,namecheap,,,07/08/2026 17:31
d2beeb0b-cad0-427e-96da-768d615f8c15,shutting.blue,available,13.98,32.98,high,low,8,namecheap,,,12/08/2026 12:22
766bf587-8271-4608-a9a8-3dfc40be9706,barker.blue,available,19.99,24.99,high,low,6,namesilo,,,22/09/2026 06:27
0c265062-c581-4243-90d5-aa87f60ede10,disordered.blue,available,13.98,32.98,medium,low,10,namecheap,,,14/08/2026 11:18
32dcbed8-d37d-431c-90ec-997e1a796cc8,isolated.blue,available,19.99,24.99,high,low,8,namesilo,,,22/09/2026 07:07
d7cb71ec-bf2a-4f52-a741-acfcab76b840,emanuel.blue,premium,78.54,78.54,high,low,7,namesilo,,,25/09/2026 14:33
ca8b3de3-f0fe-47ac-889c-35d6800fec89,howso.blue,available,23.99,,medium,low,6,name.com,,,
d5f1a7ba-2561-4773-b5a1-f0a068b754d1,flashy.blue,available,13.98,32.98,high,low,6,namecheap,,,18/08/2026 06:33
b1646f2b-1742-487c-837a-c43d81f15bf6,deathless.blue,available,23.99,35.99,medium,low,9,name.com,,,13/08/2026 20:02
cda4588f-ba9f-45e4-9fca-11026d6b63f5,amperage.blue,available,19.99,24.99,medium,low,8,namesilo,,,18/09/2026 23:07
aa0fa2b8-f64a-4c73-a4c3-fefc8e65c8bd,mould.blue,available,19.99,24.99,medium,low,5,namesilo,,,24/09/2026 15:22
c283c2a0-2597-4d25-8efe-931737522a5f,omen.blue,available,23.99,,high,low,4,name.com,,,
6a9fdf2c-5031-4b79-8250-842b6e05c0f7,assembling.blue,available,19.99,24.99,high,low,10,namesilo,,,20/09/2026 16:08
f72a7245-d696-4eb8-9da2-6f3298d51dcb,automotive.blue,premium,768,768,high,low,10,namesilo,,,22/09/2026 14:07
8895de09-a432-4007-86c7-0bd872c7ab00,tilled.blue,available,13.98,32.98,medium,low,6,namecheap,,,11/09/2026 15:57
4beaf650-bab6-4677-8dc4-70428b1f8547,lucifugous.blue,available,13.98,32.98,low,low,10,namecheap,,,24/08/2026 10:55
e9fc795a-683c-4333-92b6-a7f2266b1c4e,ambiguous.blue,available,13.98,32.98,high,low,9,namecheap,,,
0f26d04b-0378-4cbd-a5b1-7440f91356ea,wingless.blue,available,13.98,32.98,medium,low,8,namecheap,,,13/09/2026 12:31
c41e3811-312f-45c1-b4da-603b53073a6f,callable.blue,available,13.98,32.98,medium,low,8,namecheap,,,11/08/2026 14:26
06fe3551-5503-447b-916e-5a49e7e34f43,arriviste.blue,available,13.98,32.98,medium,low,9,namecheap,,,03/09/2026 22:17
84fe35a1-3bef-4170-b808-3dd957180436,register.blue,available,19.99,24.99,high,low,8,namesilo,,,25/09/2026 22:07
4e09054e-2e8b-4c9d-88a3-229b29a93557,postscript.blue,available,19.99,24.99,high,low,10,namesilo,,,17/09/2026 06:45
7584a9bd-2a09-4859-9953-c91549d56757,jody.blue,available,23.99,,high,low,4,name.com,,,
84fc1feb-75d2-4b5d-868f-08b98fba4b56,unnoticed.blue,available,13.98,32.98,medium,low,9,namecheap,,,12/09/2026 16:02
e3b4a067-6234-4ba1-9e85-011a14434368,apteryx.blue,available,13.98,32.98,medium,low,7,namecheap,,,19/09/2026 22:37
5232cfc1-833a-4724-b472-757fadc745cc,rethink.blue,available,13.98,32.98,high,low,7,namecheap,,,17/09/2026 15:53
e3c90185-a904-4fca-9f49-87300b451dde,dumbstruck.blue,available,13.98,32.98,medium,low,10,namecheap,,,14/08/2026 21:06
bd77eb90-b48c-455e-9752-8dc4b9ea457c,carping.blue,available,13.98,32.98,medium,low,7,namecheap,,,18/08/2026 00:03
2793b3f2-995f-47c5-903d-c81240f4b908,plop.blue,available,13.98,32.98,medium,low,4,namecheap,,,15/09/2026 20:39
6d4b87e3-2069-4fe2-9985-01874e3b32ff,jot.blue,available,23.99,,high,low,3,name.com,,,
58d34c7c-259f-48cd-a2b5-d5fbb8db7381,sluttish.blue,available,13.98,32.98,medium,low,8,namecheap,,,10/08/2026 15:45
8a578f88-ec77-4fc4-8aa8-d8c861e52ed7,sunnily.blue,available,13.98,32.98,medium,low,7,namecheap,,,14/09/2026 06:41
5d584989-582e-4cfb-98fa-b3534c10973c,abandoned.blue,available,19.99,24.99,high,low,9,namesilo,,,21/09/2026 13:36
08080bbb-7b8d-4b69-96ac-9ac41d1526bd,inimical.blue,available,13.98,32.98,medium,low,8,namecheap,,,22/08/2026 05:20
f5435518-644b-482c-87c9-c121f09a9b63,buccal.blue,available,13.98,32.98,medium,low,6,namecheap,,,11/08/2026 07:27
8996776f-c27d-4cdc-8fa6-6cb0a8efb17e,calmly.blue,available,13.98,32.98,high,low,6,namecheap,,,14/09/2026 05:04
46166170-5d5c-4ae0-b5f3-b83f7faceb4e,fatigued.blue,available,13.98,32.98,medium,low,8,namecheap,,,14/08/2026 14:49
e2cca6d5-debb-4d00-b44d-d7cd7ca1319c,erbium.blue,available,19.99,24.99,medium,low,6,namesilo,,,20/09/2026 23:37
90dfc0bc-7c15-457d-9b19-d0d139e1d321,admittedly.blue,available,13.98,32.98,medium,low,10,namecheap,,,11/09/2026 20:31
7762615a-2674-4449-8aad-cf897dfa1852,sextuple.blue,available,13.98,32.98,medium,low,8,namecheap,,,10/09/2026 05:19
7686b5c6-52e4-490c-826e-f1627c794763,returnable.blue,available,13.98,32.98,high,low,10,namecheap,,,09/09/2026 15:55
bb23431f-f663-4f12-b83e-b1621006c53a,advertised.blue,available,13.98,32.98,medium,low,10,namecheap,,,
3f9626fb-7ea3-4874-833f-eb6b2f58664e,grayish.blue,available,13.98,32.98,high,low,7,namecheap,,,20/08/2026 18:56
6fa94fe0-38f4-4f2a-8922-6a504b27f989,feathery.blue,available,13.98,32.98,high,low,8,namecheap,,,18/08/2026 00:18
be69f745-0ec7-45d1-8967-be6dc9088040,wyatt.blue,available,19.99,24.99,high,low,5,namesilo,,,25/09/2026 07:54
ebfa49b0-3fe8-469a-a67e-e015320dc44b,shannon.blue,available,19.99,24.99,high,low,7,namesilo,,,25/09/2026 04:16
55a7e59a-02af-4cdc-906c-57819c4c08ce,limitation.blue,available,23.99,,medium,low,10,name.com,,,
4b4e82ca-5044-4cf4-84f4-71b8fdc148fe,soulful.blue,available,13.98,32.98,high,low,7,namecheap,,,10/09/2026 14:42
41127ff1-8138-4468-96ff-9adba77dcf65,restructuring.blue,available,23.99,,medium,low,13,name.com,,,
11888288-59ad-46a6-90ad-f15c0b233d3a,stacked.blue,available,13.98,32.98,high,low,7,namecheap,,,10/08/2026 20:37
b03b5677-f714-4817-a048-00b828c72911,unclean.blue,available,13.98,32.98,medium,low,7,namecheap,,,14/08/2026 09:12
d0d629d3-9467-4509-8464-be1aac2f9bfc,tubeless.blue,available,13.98,32.98,medium,low,8,namecheap,,,11/09/2026 20:58
bbc00a56-df99-445c-933d-88f69c4007a8,meagre.blue,available,13.98,32.98,medium,low,6,namecheap,,,24/08/2026 18:04
abcff94a-fe7a-4962-a383-c1c4b94e9e8f,cincinnati.blue,premium,625,,high,low,10,name.com,,,
0e4c3bcb-18f1-4270-8912-a20d69d36874,pardon.blue,available,23.99,,high,low,6,name.com,,,
39627f0c-7fc1-43b3-926d-12661791dc9e,bifocals.blue,available,19.99,24.99,high,low,8,namesilo,,,23/09/2026 13:53
bb4ccfe7-f691-48cc-b983-3db513951efc,started.blue,available,19.99,24.99,medium,low,7,namesilo,,,18/09/2026 11:27
15e6a9e0-e383-4ee1-a6af-e3d214cc5403,bingo.blue,available,13.98,32.98,high,low,5,namecheap,,,22/09/2026 20:37
1e5b379e-818a-446d-8374-9e3217dff5b9,dismal.blue,available,13.98,32.98,medium,low,6,namecheap,,,14/08/2026 11:38
d28c3d08-eba1-44a5-8321-5da12d8fc95e,moonfish.blue,available,13.98,32.98,medium,low,8,namecheap,,,20/09/2026 21:37
076ca3cf-321d-413c-939e-762e35c513a3,asked.blue,available,23.99,,high,low,5,name.com,,,
5a123a96-1a6b-468f-bad4-2ab8a5e88d6e,injure.blue,available,23.99,,high,low,6,name.com,,,
99e85362-bd85-475a-8766-f3840c5966a4,introductory.blue,available,23.99,,high,low,12,name.com,,,
5edf1f09-fb2b-48bf-acca-b8be908f7f6d,semirigid.blue,available,13.98,32.98,medium,low,9,namecheap,,,10/09/2026 03:19
0d652cb4-937b-46eb-a74d-bb9890a21278,parametric.blue,available,13.98,32.98,high,low,10,namecheap,,,08/09/2026 01:01
2d32ecc9-bd71-4542-bbbe-1b11b57e065d,deducible.blue,available,13.98,32.98,medium,low,9,namecheap,,,13/08/2026 22:25
118768a8-0fec-4501-9048-aa66fa0b9159,gomez.blue,available,19.99,24.99,high,low,5,namesilo,,,25/09/2026 16:06
c6df7cba-47cb-488d-a783-613b75678233,interwoven.blue,available,13.98,32.98,high,low,10,namecheap,,,22/08/2026 08:08
44102dc8-2975-42a6-ad04-86f95c207bda,forests.blue,available,19.99,24.99,medium,low,7,namesilo,,,18/09/2026 06:04
55a147bc-eca3-4bd1-b00c-2dfeb9d4c63c,canorous.blue,available,13.98,32.98,medium,low,8,namecheap,,,11/08/2026 17:35
e88a3f9e-2cf4-4a18-816e-01e7fbcae9dc,genetical.blue,available,13.98,32.98,medium,low,9,namecheap,,,18/08/2026 21:37
d88c488d-4c5f-42eb-8f80-a532b2c19903,knowledgeable.blue,available,19.99,24.99,high,low,13,namesilo,,,25/09/2026 05:42
77651642-3a3f-4174-abe6-4f80f3f71f21,bivalent.blue,available,13.98,32.98,high,low,8,namecheap,,,10/08/2026 08:58
d1f24ba1-dfd0-4b1e-b7bb-7e282af51aa6,crossed.blue,available,13.98,32.98,high,low,7,namecheap,,,13/08/2026 08:18
ab197ece-089d-4a1e-9868-a97be00a5692,equanimous.blue,available,13.98,32.98,high,low,10,namecheap,,,17/08/2026 11:37
d1d0d947-df42-4b40-8a1f-ee7ae3dadad1,modeled.blue,available,13.98,32.98,high,low,7,namecheap,,,25/08/2026 02:51
859b839d-5908-460d-9895-81271a73adb4,frisky.blue,available,13.98,32.98,high,low,6,namecheap,,,18/08/2026 16:02
7afc8a6b-33b2-4bd7-90d1-400f1dae86b0,streaky.blue,available,13.98,32.98,high,low,7,namecheap,,,10/09/2026 22:22
7d26f0c2-99ee-4409-9ac1-86f9b0de6f90,flavorous.blue,available,13.98,32.98,medium,low,9,namecheap,,,18/08/2026 07:08
1a6c3884-317f-44e8-89a0-382ff80eb986,apatite.blue,available,19.99,24.99,medium,low,7,namesilo,,,19/09/2026 16:18
05bcf9a2-aa87-4191-9611-c5e9afadcf82,troops.blue,available,19.99,24.99,high,low,6,namesilo,,,25/09/2026 23:43
6b9f3277-650b-4b5e-a817-64ee12eb0c7b,vexer.blue,available,19.99,24.99,medium,low,5,namesilo,,,19/09/2026 10:52
b517a7cd-422c-4c7c-a37b-2d78ffd234ab,acetamide.blue,available,19.99,24.99,medium,low,9,namesilo,,,16/09/2026 23:49
3903da24-64f7-4f97-8fc6-b26ca4742e82,trigon.blue,available,13.98,32.98,high,low,6,namecheap,,,11/09/2026 19:46
2f28994d-fe79-41e3-9493-144c52777069,unanimous.blue,available,13.98,32.98,high,low,9,namecheap,,,12/08/2026 22:33
f1176efb-5c8c-424c-a46e-036ba884fa74,penalty.blue,available,19.99,24.99,high,low,7,namesilo,,,27/09/2026 04:58
b9c0f181-596e-49a7-be9d-4ceee8ea3b3f,floater.blue,available,13.98,32.98,medium,low,7,namecheap,,,13/09/2026 00:52
744d3052-5c00-4d4f-8fbd-4b58a1442d36,toklas.blue,available,19.99,24.99,high,low,6,namesilo,,,18/09/2026 07:28
413004a1-7c60-46a9-a600-0eeb78fb7b4c,completion.blue,available,23.99,,high,low,10,name.com,,,
8755371b-c766-4b11-934e-edc82a18fffd,bullying.blue,available,19.99,24.99,medium,low,8,namesilo,,,23/09/2026 10:48
10efb328-d9e2-4eb2-8c3b-ecd1c634b6f2,truculent.blue,available,13.98,32.98,medium,low,9,namecheap,,,11/09/2026 20:29
412a736e-1c23-4907-aad2-cf7560cbe1e3,spite.blue,available,19.99,24.99,high,low,5,namesilo,,,23/09/2026 22:22
80aeaef2-955e-42d8-9adc-ea761e28142f,materially.blue,available,13.98,32.98,medium,low,10,namecheap,,,15/09/2026 13:37
9df2a2c0-39f0-4b73-9986-461485364703,occident.blue,available,13.98,32.98,medium,low,8,namecheap,,,13/09/2026 10:49
175a0cea-3ba2-4ef0-ba54-2b2d2fb18131,conform.blue,available,23.99,,high,low,7,name.com,,,
1bbc5a19-92b1-4fb3-b61f-8f1d4aba30fb,sideline.blue,available,19.99,24.99,high,low,8,namesilo,,,21/09/2026 09:42
5b947879-0b14-4210-9bab-161c41b71e72,daughter.blue,available,23.99,,high,low,8,name.com,,,
9f641ca3-20f5-444b-8b9a-89cf3c8ba40e,uttermost.blue,available,13.98,32.98,high,low,9,namecheap,,,17/08/2026 22:44
0c5cbf12-b72a-469b-97ee-06d4a9a24dd4,ranked.blue,available,13.98,32.98,high,low,6,namecheap,,,20/08/2026 17:38
c3110431-7f3d-4072-b62d-c7c0d3e9349a,stretched.blue,available,13.98,32.98,high,low,9,namecheap,,,10/09/2026 22:34
3a654bdc-22e5-4760-a8d7-e79ae18a0799,straining.blue,available,13.98,32.98,medium,low,9,namecheap,,,10/09/2026 21:43
621cae2d-a2aa-4d02-acda-5f7865878db4,mechanical.blue,available,13.98,32.98,high,low,10,namecheap,,,25/09/2026 18:43
527ac64a-f3ca-4e46-965b-ba0fb0dca63e,shovels.blue,available,19.99,24.99,medium,low,7,namesilo,,,20/09/2026 10:22
b03c05ec-667e-43ae-b49d-7009a622c96f,heartthrob.blue,available,23.99,,high,low,10,name.com,,,
dd9b5992-06b2-431e-b12e-a3e411e2daf6,pluton.blue,available,19.99,24.99,medium,low,6,namesilo,,,22/09/2026 13:46
16855c72-1a35-48dc-851a-c5b976d217e0,bluntly.blue,available,13.98,32.98,medium,low,7,namecheap,,,14/09/2026 00:39
535a9f37-3859-4bf3-9442-9f5dc90a6ebd,subclavian.blue,available,13.98,32.98,medium,low,10,namecheap,,,10/09/2026 23:40
6fd05c7b-c642-4d4e-a5bc-934e6f6a107c,reverent.blue,available,13.98,32.98,high,low,8,namecheap,,,20/08/2026 16:08
ce606528-2e7d-4202-9ed8-034c160cc7af,falter.blue,available,13.98,32.98,high,low,6,namecheap,,,17/08/2026 21:39
5370e06f-3503-418f-86e3-dec74f3909f1,referees.blue,available,19.99,24.99,medium,low,8,namesilo,,,20/09/2026 11:54
b1a9f560-52c3-447a-a492-7a544530652d,rightfully.blue,available,13.98,32.98,high,low,10,namecheap,,,15/09/2026 23:44
dc2ef933-fa6d-48ea-9a0e-aab62d015cf9,seamless.blue,available,13.98,32.98,high,low,8,namecheap,,,10/09/2026 00:47
77c67bfa-dab3-4d5a-9312-e28e65f7224a,completed.blue,available,19.99,24.99,high,low,9,namesilo,,,23/09/2026 17:22
47b6842b-77f4-4fb8-a406-c2e6f8db3a01,flee.blue,available,23.99,,high,low,4,name.com,,,
b143426d-177e-431d-9b19-7c554c06057d,undying.blue,available,23.99,35.99,medium,low,7,name.com,,,13/08/2026 20:04
661aba19-a21b-49b8-9f71-44682153e29c,grumbler.blue,available,19.99,24.99,medium,low,8,namesilo,,,23/09/2026 06:49
d64e5cad-7163-402d-8c6b-3a496c677e79,midwife.blue,available,19.99,24.99,high,low,7,namesilo,,,16/09/2026 23:05
234a2adf-e8de-4905-bbda-1dbbf9b26243,fearsome.blue,available,13.98,32.98,medium,low,8,namecheap,,,14/08/2026 08:55
bb52b8bb-99cb-4585-8857-6f1bd1b08e18,crimes.blue,available,23.99,,high,low,6,name.com,,,
efb88c17-8e58-4fc8-ab31-63574dc987de,frayed.blue,available,13.98,32.98,medium,low,6,namecheap,,,18/08/2026 14:25
91eb03cf-705f-4e91-b4ff-56db433e68cb,tommy.blue,premium,78.54,78.54,high,medium,5,namesilo,,,25/09/2026 11:48
1633bbb1-09df-4d8d-9f9c-30ea446e8a61,mazed.blue,available,13.98,32.98,medium,low,5,namecheap,,,07/08/2026 12:07
9d432abc-4e02-4908-9a84-b602fbb31e3f,impious.blue,available,13.98,32.98,medium,low,7,namecheap,,,21/08/2026 22:21
c08a8bd8-4a9f-4643-8881-c1ffa18b3470,ketchup.blue,available,19.99,24.99,high,low,7,namesilo,,,24/09/2026 13:10
d4a057cd-ace6-42e0-b174-8f4098cb4e9c,algerie.blue,available,13.98,32.98,high,low,7,namecheap,,,18/09/2026 06:58
a649fe18-9532-41d6-a537-34a6ed70bdba,bitterness.blue,available,19.99,24.99,medium,low,10,namesilo,,,17/09/2026 03:08
c3dd0222-43da-4a3c-b0b6-3c2cf38c6d75,parhelic.blue,available,13.98,32.98,medium,low,8,namecheap,,,08/09/2026 01:31
31cd22c6-b750-4b8a-938a-c2581bdf2d4d,breezily.blue,available,13.98,32.98,medium,low,8,namecheap,,,14/09/2026 01:28
dac25d8e-9062-4579-891a-693603607a06,armful.blue,available,19.99,24.99,medium,low,6,namesilo,,,20/09/2026 06:50
9225131f-e031-4d90-9662-8fe481b80dd0,archly.blue,available,13.98,32.98,medium,low,6,namecheap,,,13/09/2026 20:39
05719bb4-ea22-4555-9a69-530c6ac4fca6,county.blue,available,13.98,32.98,high,low,6,namecheap,,,24/09/2026 18:41
d2c122af-e965-45e9-8772-052ca3e20d4e,basia.blue,available,19.99,24.99,medium,low,5,namesilo,,,22/09/2026 10:34
1bca16a8-befb-496b-a655-c5982ac4320d,scope.blue,available,19.99,24.99,high,low,5,namesilo,,,18/09/2026 16:44
8508753e-bf3f-4e15-86f5-4b9d57ecd94d,frustrated.blue,available,19.99,24.99,medium,low,10,namesilo,,,24/09/2026 10:57
76bb7af4-dc77-4e3f-98ce-f162de10b1c5,obadiah.blue,available,19.99,24.99,medium,low,7,namesilo,,,16/09/2026 14:40
7514e2b9-f4a2-4ed6-a22f-74c8e09c62f9,unladylike.blue,available,13.98,32.98,medium,low,10,namecheap,,,12/09/2026 14:39
627559d9-e0aa-4245-a321-39a9beb3a11e,yell.blue,available,23.99,,medium,low,4,name.com,,,
0d038620-21d5-419f-af37-da71694c2c55,diego.blue,premium,85.8,85.8,high,low,5,namecheap,,,26/09/2026 03:12
5b8b6280-bca3-449b-a154-7e468e6b5b8c,frenzied.blue,available,13.98,32.98,medium,low,8,namecheap,,,18/08/2026 14:21
a74641ed-ea61-4666-be1e-f9c289d38ace,spend.blue,available,23.99,,high,low,5,name.com,,,
44cfd898-134d-4a23-946e-2463be55e4a6,fruits.blue,available,19.99,24.99,high,low,6,namesilo,,,17/09/2026 12:52
8b2ead0d-a464-40ae-a9f2-497a306a2deb,gloriously.blue,available,13.98,32.98,high,low,10,namecheap,,,14/09/2026 21:45
803596b6-2b17-4694-9b58-84769f2513c2,roofless.blue,available,13.98,32.98,medium,low,8,namecheap,,,14/08/2026 12:09
aa502624-c92f-48ad-a126-178903c97717,sleazy.blue,available,13.98,32.98,medium,low,6,namecheap,,,11/08/2026 09:04
16975c96-a8c2-4d7b-9870-d4bd57ca9cfe,burly.blue,available,13.98,32.98,medium,low,5,namecheap,,,09/08/2026 07:54
4395b7a4-3c1f-4705-ba61-9a1b3bf41373,doughnut.blue,available,23.99,,high,low,8,name.com,,,
5425d183-24d0-49e8-bbb3-bb6de4d24208,toughened.blue,available,13.98,32.98,medium,low,9,namecheap,,,11/09/2026 10:54
928a8544-7ae9-498e-9ccf-2da0923a2db8,cob.blue,available,19.99,24.99,high,low,3,namesilo,,,23/09/2026 23:42
b9f2dcb1-f9d2-4c76-9a56-56e82b99b6cd,comforts.blue,available,13.98,32.98,high,low,8,namecheap,,,18/09/2026 18:50
d8e19e5d-1268-4b1b-9b96-57981d79cc96,booklist.blue,available,23.99,,high,low,8,name.com,,,
c8493a59-14ad-4776-80b4-74deaab67e03,portly.blue,available,13.98,32.98,medium,low,6,namecheap,,,09/09/2026 00:02
72e7c3ff-b383-4213-9b74-64a1a66a9dc0,calvin.blue,premium,78.54,78.54,high,high,6,namesilo,,,27/09/2026 03:28
ba23d3f3-8fcd-42f6-b874-80536b885748,weakest.blue,available,23.99,,medium,low,7,name.com,,,
1d3d42ba-13ee-4d43-89bc-f71b5291ebb3,lutheran.blue,available,13.98,32.98,high,low,8,namecheap,,,24/08/2026 12:23
e9465ae2-95ae-4149-825d-2abdc411e437,sheepdog.blue,available,23.99,,high,low,9,name.com,,,
be5c4009-a1ec-4599-9ca8-ec16007fb0b6,taxpaying.blue,available,13.98,32.98,medium,low,9,namecheap,,,11/09/2026 09:32
ec562e1c-a1d7-4025-b69d-14de16645848,lawfully.blue,available,23.99,35.99,medium,low,8,name.com,,,13/08/2026 19:09
c4628b8f-3458-412c-a1be-b5b1606d6f3b,working.blue,available,19.99,24.99,high,low,7,namesilo,,,19/09/2026 07:09
da28bf7d-2a2d-4a4d-af29-80d610a46477,endowment.blue,available,23.99,,high,low,9,name.com,,,
1f556be7-bced-4d36-979f-69eb5ebb228f,wino.blue,available,13.98,32.98,medium,low,4,namecheap,,,14/08/2026 20:26
923467ed-d133-4597-9999-bf84a7aacf5f,birken.blue,available,13.98,32.98,high,low,6,namecheap,,,10/08/2026 06:03
4e6f4179-7c35-44f1-9c8f-a6cc4b0940d6,almaty.blue,available,19.99,24.99,medium,low,6,namesilo,,,18/09/2026 12:22
eddd79b6-aaf6-4eb7-9122-240b4bda2e5a,subverter.blue,available,13.98,32.98,medium,low,9,namecheap,,,09/09/2026 16:25
56eadd95-09e2-4c72-a4db-8feff1744ec7,colorless.blue,available,13.98,32.98,medium,low,9,namecheap,,,12/08/2026 17:53
7e037699-a370-4b3d-b541-827c718bae83,disposed.blue,available,23.99,,high,low,8,name.com,,,
8cbe8a67-0f68-49cb-975a-0ad066c86321,collarless.blue,available,13.98,32.98,medium,low,10,namecheap,,,12/08/2026 16:40
5f588f42-b02d-44ec-b9b0-dfaaf0db529b,etcetera.blue,available,13.98,32.98,high,low,8,namecheap,,,13/09/2026 19:52
69c07e93-3501-4093-afe2-687f5b76a17a,disloyalty.blue,available,13.98,32.98,medium,low,10,namecheap,,,24/09/2026 22:47
48620def-9269-491d-b1d7-5e9bc8052df5,inventory.blue,available,19.99,24.99,high,low,9,namesilo,,,23/09/2026 08:19
1f374ae6-db3f-4b78-ab83-0aebd87ba0e1,epistemic.blue,available,13.98,32.98,medium,low,9,namecheap,,,17/08/2026 11:13
4f1f3679-33dc-46bd-abff-38f666896a7a,creatively.blue,available,23.99,,high,low,10,name.com,,,
2d43e7f6-b294-48df-836b-26bf7f794865,halfway.blue,available,13.98,32.98,high,low,7,namecheap,,,11/08/2026 23:56
179d5165-b478-4e6c-8480-868539a0c3b5,medals.blue,available,23.99,,high,low,6,name.com,,,
6cc99077-7532-4faf-bce8-3602b1060909,manly.blue,available,13.98,32.98,high,low,5,namecheap,,,24/08/2026 14:44
14400d5b-2ce3-4587-9737-3c41d944f6f8,later.blue,available,19.99,24.99,high,low,5,namesilo,,,21/09/2026 22:11
9b865440-0666-4f43-a367-63291c3dacd8,barbecue.blue,available,23.99,,high,low,8,name.com,,,
f52991af-6b46-470d-8241-6490a801cc53,bighead.blue,available,13.98,32.98,medium,low,7,namecheap,,,23/09/2026 15:09
1062e9db-7aab-454a-8b44-6722337b1809,remained.blue,available,19.99,24.99,medium,low,8,namesilo,,,18/09/2026 11:23
b859cc9c-433a-44f6-91f3-b72183068275,paige.blue,available,19.99,24.99,high,low,5,namesilo,,,27/09/2026 04:38
9545520a-66be-43a8-9a21-69542eb169fb,gromyko.blue,available,19.99,24.99,medium,low,7,namesilo,,,19/09/2026 04:28
6680314f-d9a2-4f89-9a6b-c10106b7553f,crazily.blue,available,13.98,32.98,medium,low,7,namecheap,,,14/09/2026 09:15
6b0d4d6c-1e0f-4f02-869f-8cc7742eef3b,spellbound.blue,available,13.98,32.98,high,low,10,namecheap,,,17/08/2026 22:54
ec8e68c8-7d6c-4b4a-8810-bb06087ce7f2,centimeter.blue,available,13.98,32.98,high,low,10,namecheap,,,24/09/2026 13:34
eeb83d26-27a0-4246-945e-cabfef067419,nihilistic.blue,available,13.98,32.98,medium,low,10,namecheap,,,03/09/2026 17:24
931d6e12-c0ed-43a4-8ebf-9b567975babc,doubled.blue,available,13.98,32.98,high,low,7,namecheap,,,14/08/2026 16:55
e0b532f6-7d93-4151-aaaf-5ae697774325,indulge.blue,available,19.99,24.99,high,low,7,namesilo,,,21/09/2026 13:04
06e782dd-56de-435d-84c3-7e9bd9e9d5f7,located.blue,available,19.99,24.99,high,low,7,namesilo,,,25/09/2026 14:10
8545f978-5044-46db-8042-034062b5bfa4,mouthguard.blue,available,23.99,,medium,low,11,name.com,,,
23c553a8-4778-44fb-a22e-5fd315310b90,baleful.blue,available,13.98,32.98,medium,low,7,namecheap,,,08/08/2026 09:39
31b3cd62-1e6d-4224-87c0-bf3228f79535,confetti.blue,available,23.99,,high,low,8,name.com,,,
a8d4ffd2-e7ea-4a0b-b354-15a7bebfff11,wizardly.blue,available,13.98,32.98,medium,low,8,namecheap,,,24/08/2026 13:02
22998467-7e53-488a-b8f4-c468aee00f1f,disgrace.blue,available,23.99,,high,low,8,name.com,,,
89b25a06-c4bd-446a-9f1a-0f19fcb550bf,goodish.blue,available,13.98,32.98,medium,low,7,namecheap,,,20/08/2026 16:34
fc3b4d37-8f1a-464e-b86d-a8257805a6ec,weightless.blue,available,13.98,32.98,high,low,10,namecheap,,,13/09/2026 10:09
d180c127-2b86-4a26-b397-6880228ee4c5,midweek.blue,available,13.98,32.98,high,low,7,namecheap,,,13/09/2026 09:34
c5cf6d72-5c34-4998-be88-b5111d4b9395,soigne.blue,available,13.98,32.98,high,low,6,namecheap,,,10/09/2026 13:28
5c0b8dc4-6e7b-483b-9157-40c4f6a001dc,padded.blue,available,13.98,32.98,high,low,6,namecheap,,,13/08/2026 11:57
7d37dced-1634-4933-b932-ef3297ef1f54,pointed.blue,available,13.98,32.98,high,low,7,namecheap,,,08/09/2026 22:36
8e7152f6-d29c-4394-a085-d9cbecfa1f32,susquehanna.blue,available,19.99,24.99,medium,low,11,namesilo,,,27/09/2026 01:59
78cc00cd-e8b1-4f18-86b1-a25e04a36cee,uniformed.blue,available,13.98,32.98,high,low,9,namecheap,,,12/09/2026 12:57
a48a5d46-ecdd-4d8d-8435-b7a8e0879383,eroding.blue,available,13.98,32.98,medium,low,7,namecheap,,,13/09/2026 09:08
a460f77f-fb14-4ef8-bc86-bbdd5adab900,stingless.blue,available,13.98,32.98,medium,low,9,namecheap,,,10/09/2026 20:48
1cb2ee19-9a4f-4a49-b4ba-8384789f29d7,ungoverned.blue,available,13.98,32.98,medium,low,10,namecheap,,,12/09/2026 04:36
a6356d1f-23d0-42bc-ad15-fa284eca36fb,asthenia.blue,available,19.99,24.99,medium,low,8,namesilo,,,20/09/2026 17:17
36b518f5-7351-4fe8-ad93-4ae6423a458b,indentured.blue,available,13.98,32.98,medium,low,10,namecheap,,,06/08/2026 08:34
61cfe9a0-64ec-4e64-89b8-6aaef034b97a,domain.blue,resell,,,high,medium,6,"DNSPod, Inc.",18/07/2017 10:05,18/07/2031 10:05,26/09/2026 05:38
fbbce86f-1ad5-44f6-a20e-7f0f01f18ef2,abbess.blue,available,13.98,32.98,medium,low,6,namecheap,,,16/09/2026 14:23
2262623f-caed-4727-9944-7d39809e0569,allograph.blue,available,19.99,24.99,medium,low,9,namesilo,,,18/09/2026 11:54
dd32a475-d66a-4fc2-afa3-31cbf86f25fe,nurture.blue,available,13.98,32.98,high,low,7,namecheap,,,09/09/2026 11:05
631329f2-626d-4084-8c97-60649a368fca,reminds.blue,available,19.99,24.99,medium,low,7,namesilo,,,27/09/2026 03:09
6cb978e6-2c89-4df2-8576-7bd4485a46aa,flaxen.blue,available,13.98,32.98,high,low,6,namecheap,,,18/08/2026 07:23
1bb14e95-916e-41c0-a1c8-3101d71245ab,dangerous.blue,available,23.99,35.99,medium,low,9,name.com,,,13/08/2026 17:15
ccc8ae60-7ec5-4ace-ad41-174fde5b725c,churl.blue,available,13.98,32.98,medium,low,5,namecheap,,,13/08/2026 05:00
b50986b6-b6cc-4561-81cc-3e44af811d3c,wegener.blue,available,19.99,24.99,medium,low,7,namesilo,,,18/09/2026 06:39
4608b2af-afaf-4c73-86e0-a4325e3d29cb,diminishing.blue,available,23.99,,high,low,11,name.com,,,
978edf92-f418-46cb-b7a8-2c797a01aae4,originally.blue,available,13.98,32.98,high,low,10,namecheap,,,15/09/2026 07:14
4868fb00-9f6f-43ce-bf84-f103101375dd,insofar.blue,available,13.98,32.98,medium,low,7,namecheap,,,15/09/2026 06:43
822390ce-1dd8-4cda-a6cf-d60179b9d2eb,oengus.blue,available,19.99,24.99,medium,low,6,namesilo,,,17/09/2026 12:31
eea8ecde-cd02-4c1e-ad24-8f4a6c7d394d,style.blue,premium,640,640,high,low,5,namesilo,,,08/09/2026 07:22
d60d9c8e-be41-47c4-8832-94d43a29358f,ribbed.blue,available,13.98,32.98,high,low,6,namecheap,,,13/08/2026 03:08
b307ba99-ae2e-4ad5-9fa6-9fb5b4c89252,newborn.blue,available,13.98,32.98,high,low,7,namecheap,,,03/09/2026 16:41
2a6e95cb-29e4-4338-a53a-61e481baa09b,unhindered.blue,available,13.98,32.98,medium,low,10,namecheap,,,12/09/2026 11:55
7115e85a-d4fc-4be2-9b00-102f7e6c3419,bicameral.blue,available,13.98,32.98,medium,low,9,namecheap,,,09/08/2026 19:06
e9107d78-17c0-46c6-84bd-c34e416945d7,drawer.blue,available,19.99,24.99,high,low,6,namesilo,,,24/09/2026 23:56
d1ad06ca-8344-4783-a735-88c9be56af4c,australia.blue,available,,,high,high,9,,,,
6d5044e8-5a20-4b2c-82ee-b13633d1485b,provider.blue,available,,,high,low,8,,,,
585b11f5-dc0d-4da2-8048-a267e6cb3604,inspired.blue,available,13.98,32.98,high,low,8,namecheap,,,25/09/2026 09:48
e73c563b-c0c1-47fe-a344-968bf4708e07,shit.blue,available,13.98,32.98,high,medium,4,namecheap,,,22/09/2026 18:05
f8fb75ea-8402-4b3c-ba43-9115836d5c3a,invited.blue,available,13.98,32.98,high,low,7,namecheap,,,25/09/2026 11:51
c004698d-8c31-43de-ac5f-9b27c02a1532,cherokee.blue,available,19.99,24.99,high,low,8,namesilo,,,24/09/2026 14:17
302790ef-ec05-46c0-a9be-6c8c9fd35d1d,raconteur.blue,available,19.99,24.99,high,low,9,namesilo,,,19/09/2026 05:14
433f4a20-a243-4660-8401-1e788233e29f,minded.blue,available,13.98,32.98,high,low,6,namecheap,,,24/08/2026 23:35
790fe168-1ac4-4c2f-b939-943aa9d28e2f,humanistic.blue,available,13.98,32.98,high,low,10,namecheap,,,21/08/2026 14:53
f721572c-3e34-4adf-a949-cae7317ca2ed,trial.blue,available,23.99,,high,low,5,name.com,,,
de1ee748-1df3-4ca8-adad-164789e3bc5d,technique.blue,available,23.99,,high,low,9,name.com,,,
d5f6f389-7a81-4f81-ae27-c249ce77107b,contest.blue,available,23.99,,high,low,7,name.com,,,
be329d7c-352f-456d-8400-e8486002136e,ombu.blue,available,13.98,32.98,medium,low,4,namecheap,,,23/09/2026 05:53
fcb00ae7-f4ae-48a9-8453-cb27006de361,divorcing.blue,available,19.99,24.99,low,low,9,namesilo,,,17/09/2026 22:37
e8880e73-d411-4df3-b24f-86b4297bac98,emulous.blue,available,13.98,32.98,medium,low,7,namecheap,,,16/08/2026 21:03
ed3713e2-f2ca-40f0-9cdb-ffc214f02d5e,algal.blue,available,13.98,32.98,high,low,5,namecheap,,,
a4cedc91-b4c6-4751-9c5e-6cc488be797f,unfeasible.blue,available,13.98,32.98,medium,low,10,namecheap,,,21/08/2026 22:56
9ff70eed-6318-4da6-ba98-033077d082e6,zoic.blue,available,13.98,32.98,medium,low,4,namecheap,,,13/09/2026 15:25
8876bfbb-35c3-47cc-8e9a-636a4a9b3d86,regarded.blue,available,23.99,,high,low,8,name.com,,,
3454bde7-d51e-4888-93fc-1143130b6261,rove.blue,available,13.98,32.98,high,low,4,namecheap,,,10/09/2026 22:12
3366ffee-c6f4-4b9b-ad09-64b78900c5ab,rude.blue,available,19.99,24.99,high,low,4,namesilo,,,22/09/2026 16:12
1b8784ca-47f0-4d7c-99c8-e7a310b0ec66,drill.blue,available,19.99,24.99,high,low,5,namesilo,,,25/09/2026 00:07
bd2995ce-419b-46b5-ac88-9bd58a29c593,routinely.blue,available,13.98,32.98,medium,low,9,namecheap,,,16/09/2026 00:11
15aae047-1ad2-40c5-b724-041b744139ad,levodopa.blue,available,19.99,24.99,high,low,8,namesilo,,,23/09/2026 07:46
3dac7258-4472-4f11-ac9e-2a3304042c2f,indoaryan.blue,available,13.98,32.98,medium,low,10,namecheap,,,06/08/2026 23:56
b4597457-3a95-45c7-828b-f148a89005a4,saurian.blue,available,13.98,32.98,medium,low,7,namecheap,,,22/08/2026 17:55
55709614-6ac8-4f13-9767-e7010ae8b9e7,babbling.blue,available,13.98,32.98,high,low,8,namecheap,,,21/09/2026 12:23
1a2ef046-35bc-49c3-a3f9-a6857b05661f,dilate.blue,available,13.98,32.98,high,low,6,namecheap,,,16/08/2026 00:39
608dbb0f-cbf6-4db5-acc5-3faaad211e2b,xxvii.blue,available,13.98,32.98,medium,low,5,namecheap,,,
e63e6eb1-4613-461b-8703-7a35a216c392,task.blue,resell,23.99,,high,low,4,Alibaba Cloud Computing Ltd. d/b/a HiChina (www.net.cn),15/03/2026 12:15,15/03/2027 12:15,26/09/2026 09:31
973abfc0-4a4b-4aa0-aa5a-44e194825242,euphoric.blue,available,13.98,32.98,high,low,8,namecheap,,,17/08/2026 14:22
2e182c63-f868-40a4-afa9-5d891ce9484e,trevor.blue,premium,78.54,78.54,high,low,6,namesilo,,,26/09/2026 03:30
9ba48374-706b-4bc5-8a5b-e3b417887484,creatures.blue,available,13.98,32.98,high,low,9,namecheap,,,27/09/2026 03:06
1d15750e-4320-4aba-82db-063643e7dd72,sniff.blue,available,23.99,,high,low,5,name.com,,,
654e763f-77ba-49b9-bde0-75ecbdeb6098,slimed.blue,available,13.98,32.98,medium,low,6,namecheap,,,10/09/2026 10:57
88a6d32b-a830-4077-a861-77e4fa038799,aconite.blue,available,19.99,24.99,medium,low,7,namesilo,,,17/09/2026 02:05
dbbbcc5f-d9dd-46c1-bafc-fed2b1ec5f00,teaspoons.blue,available,13.98,32.98,medium,low,9,namecheap,,,19/09/2026 22:48
1b94b938-798c-44c6-a347-ba691b88426e,celibate.blue,available,13.98,32.98,high,low,8,namecheap,,,11/08/2026 23:25
7946eb9d-bf57-4508-9e45-d4287462dab2,encrusted.blue,available,13.98,32.98,medium,low,9,namecheap,,,13/08/2026 09:24
092e8398-cea1-4091-9ad6-3f2ec838d0a3,cheerio.blue,available,13.98,32.98,high,low,7,namecheap,,,17/09/2026 08:13
e73386c8-0c7a-4dfb-9105-490132a5f88e,whenever.blue,available,23.99,,medium,low,8,name.com,,,
dec91364-29dd-4d97-8710-d668910562a3,targets.blue,available,19.99,24.99,medium,low,7,namesilo,,,18/09/2026 15:18
f2bac1a8-cd29-46ca-b43b-9fa604593f97,touristy.blue,available,13.98,32.98,medium,low,8,namecheap,,,11/09/2026 18:22
60feabff-1bbd-4a24-8e22-694cc9587b2b,goddam.blue,available,13.98,32.98,medium,low,6,namecheap,,,10/08/2026 12:44
7258566a-9e6e-46f3-9c6e-385535e961fd,altaic.blue,available,13.98,32.98,medium,low,6,namecheap,,,
bd3c375d-b365-42cf-8fd1-335438583a10,fetal.blue,available,13.98,32.98,high,low,5,namecheap,,,18/08/2026 02:16
b49c4635-9fc6-488b-a480-9ee8054b750a,alumnus.blue,available,13.98,32.98,high,low,7,namecheap,,,20/08/2026 17:42
43347dc5-43cb-4cca-a4bb-5a28cc625ab9,disneyland.blue,available,23.99,,high,low,10,name.com,,,
a2c592f7-9bf6-4545-be45-f6e265be2abc,reflex.blue,resell,,,high,low,6,Unstoppable Domains Inc,16/03/2024 17:41,16/03/2027 17:41,26/09/2026 08:33
1b06759f-89bf-4d3f-8008-55b78ed194cd,slots.blue,available,19.99,24.99,high,low,5,namesilo,,,20/09/2026 10:58
d57bf710-d977-4d6d-a694-4f960172ae08,unshaped.blue,available,13.98,32.98,medium,low,8,namecheap,,,12/09/2026 19:31
778fa781-f61e-4b16-850e-d3da858ab589,ferric.blue,available,13.98,32.98,medium,low,6,namecheap,,,18/08/2026 02:07
5f873311-2528-4dfd-b8e3-4dc74831a38b,intact.blue,available,13.98,32.98,high,low,6,namecheap,,,22/08/2026 07:49
3c7195cb-b754-40a5-90c8-e58de1673ed5,blackened.blue,available,13.98,32.98,medium,low,9,namecheap,,,10/08/2026 11:47
52f41c23-63b3-40f0-b811-245541d9438d,frisian.blue,available,13.98,32.98,medium,low,7,namecheap,,,18/08/2026 15:59
e6f37beb-8450-4319-be6c-647bbe0dc7f0,trebuchet.blue,available,19.99,24.99,medium,low,9,namesilo,,,20/09/2026 00:39
3b3661cb-3fde-4c89-bad5-bc306cf85a45,aversion.blue,available,19.99,24.99,medium,low,8,namesilo,,,19/09/2026 14:54
a1f11dc4-5580-422f-9819-bbab820c4465,blinking.blue,available,13.98,32.98,high,low,8,namecheap,,,22/09/2026 21:58
710dfca2-617f-4b6c-a372-e232922700a7,regret.blue,available,23.99,,high,low,6,name.com,,,
dd7719d4-e9df-4a8d-8b95-447a8befab21,amberbell.blue,available,19.99,24.99,medium,low,9,namesilo,,,18/09/2026 16:32
5b83f533-28ae-4c79-9af0-19339d3c4132,natty.blue,available,23.99,35.99,high,low,5,name.com,,,13/08/2026 17:29
72d3f8d9-6c70-4270-8f54-1571837347ea,gruesome.blue,available,13.98,32.98,medium,low,8,namecheap,,,18/08/2026 23:17
edfe667e-83e2-4dd3-a57d-39369dea7b21,handbill.blue,available,13.98,32.98,medium,low,8,namecheap,,,11/08/2026 05:06
fa137e81-2648-4ef1-b458-c84f1e3f301d,sessile.blue,available,13.98,32.98,medium,low,7,namecheap,,,10/09/2026 04:59
cf2b6cde-db79-40e2-ace1-e22db378f6a7,coefficient.blue,available,23.99,,high,low,11,name.com,,,
0dc54295-ef31-494d-9c6b-fd222418188a,dish.blue,available,19.99,24.99,high,low,4,namesilo,,,19/09/2026 08:19
86967c12-b43c-435d-961b-a50668e81515,retrovir.blue,available,19.99,24.99,medium,low,8,namesilo,,,21/09/2026 11:31
3037c3d0-2c51-4da3-83ca-e70b7dccffef,gloomy.blue,premium,625,625,medium,low,6,name.com,,,14/08/2026 11:40
ca7807c8-266c-4047-a2c2-2135ed2cf7c1,bardolatry.blue,available,13.98,32.98,medium,low,10,namecheap,,,22/09/2026 05:17
3c7aaaad-6482-405a-b84a-7205cb51bdc0,castrate.blue,available,13.98,32.98,medium,low,8,namecheap,,,16/08/2026 07:07
3dd68938-c0f8-402b-9528-334997887435,glassless.blue,available,13.98,32.98,medium,low,9,namecheap,,,20/08/2026 14:11
39c78a7f-4d77-4901-ab38-91e1a10d437f,rhoda.blue,available,23.99,,high,low,5,name.com,,,
e5d5a4f2-6670-4522-b08f-1cd11a4fb54a,btu.blue,available,13.98,32.98,high,low,3,namecheap,,,21/09/2026 11:58
9206bddb-80f1-4e4f-920c-aa23e0b14610,misleading.blue,available,13.98,32.98,medium,low,10,namecheap,,,25/08/2026 01:34
e6d53342-0586-4c1b-89e7-a949f2f33203,keynesian.blue,available,13.98,32.98,medium,low,9,namecheap,,,22/08/2026 15:46
65e51cb2-1027-4cd6-bf5f-129cd6ea3bc2,fervid.blue,available,13.98,32.98,high,low,6,namecheap,,,06/08/2026 16:19
4153cae3-3e78-4e3c-9d22-4dac2cc344ed,annaba.blue,available,19.99,24.99,medium,low,6,namesilo,,,19/09/2026 10:03
d5ad41b8-6935-4244-ba3a-0e0141516ec4,depictive.blue,available,13.98,32.98,high,low,9,namecheap,,,14/08/2026 00:41
3bc34fb4-4d6b-431f-814f-e5f3f4d86283,unparallel.blue,available,13.98,32.98,medium,low,10,namecheap,,,12/09/2026 16:27
0aa1cfd5-fce0-40e4-8f5d-2c2607df8f44,script.blue,available,,,high,low,6,,,,
09819635-e46b-4032-b155-ad5a4ed4f25c,illegal.blue,available,19.99,24.99,high,low,7,namesilo,,,25/09/2026 07:45
036bd456-bd70-48c3-8f04-2b5c2e3719cf,bast.blue,available,13.98,32.98,medium,low,4,namecheap,,,22/09/2026 12:38
74be4cfe-8268-484e-8279-0bbde32e2f48,crossing.blue,available,19.99,24.99,high,low,8,namesilo,,,27/09/2026 03:30
6a428758-461d-4e04-be84-04565f265b83,blanc.blue,available,19.99,24.99,high,low,5,namesilo,,,24/09/2026 03:47
b6bb84d1-87d9-485e-84a0-c1cf7aea5368,hulky.blue,available,13.98,32.98,medium,low,5,namecheap,,,21/08/2026 14:48
3f7fb5ab-0b3c-41a8-bbba-9d3551ad8421,lorazepam.blue,available,23.99,35.99,medium,low,9,name.com,,,20/09/2026 21:27
d23f6806-c084-40b3-8330-33a01ebbd3cd,destinies.blue,available,19.99,24.99,high,low,9,namesilo,,,20/09/2026 07:12
07ec2dfd-1460-40fd-8750-f2bbc34f78f2,airscrew.blue,available,13.98,32.98,medium,low,8,namecheap,,,17/09/2026 23:17
afbe0a85-fe62-4381-a634-3cb4b59ba706,lie.blue,available,23.99,,high,low,3,name.com,,,
71ab3cdc-47be-4ef9-b44b-f3684043786e,saturated.blue,available,13.98,32.98,medium,low,9,namecheap,,,09/09/2026 21:53
44ac50c2-44e4-4a5f-a604-124e806e2140,webbed.blue,available,13.98,32.98,medium,low,6,namecheap,,,03/09/2026 16:04
76758c9c-3916-46a9-876b-41dfcda4ed5f,meld.blue,available,19.99,24.99,high,low,4,namesilo,,,22/09/2026 11:20
5256cb0b-0cb2-4666-a8bb-a9adf4df4552,downcast.blue,premium,78.54,78.54,high,low,8,namesilo,,,14/08/2026 17:33
6b1ddd80-dc26-44fe-8e5f-8f4d897de8e6,knockabout.blue,available,13.98,32.98,medium,low,10,namecheap,,,22/08/2026 16:33
04447252-a5d0-49ce-acc5-be73f8cac8d8,clastic.blue,available,13.98,32.98,high,low,7,namecheap,,,12/08/2026 09:56
1dceab3c-a735-481f-b4f8-713f110f6565,music.blue,premium,750,,high,medium,5,name.com,,,
69570a52-ea17-4da7-bfe6-f870d16aa5de,mesmeric.blue,available,13.98,32.98,medium,low,8,namecheap,,,24/08/2026 21:13
114082d9-5442-423e-8a1c-0297abf74baf,bannock.blue,available,19.99,24.99,medium,low,7,namesilo,,,22/09/2026 02:55
2c377336-a5a5-4bba-b260-f9d2792732e8,radiantly.blue,available,13.98,32.98,medium,low,9,namecheap,,,15/09/2026 22:18
10e737d9-9761-4957-a0d5-2178899d322d,lowell.blue,available,19.99,24.99,high,low,6,namesilo,,,16/09/2026 14:32
7aee7cfb-da80-4e41-8297-97dd5151b009,certify.blue,available,13.98,32.98,high,low,7,namecheap,,,24/08/2026 15:04
04ffca80-df4b-4d3d-8212-d3adb7b7b7f0,alterable.blue,available,19.99,24.99,high,low,9,namesilo,,,22/09/2026 02:18
84a3a137-5cd8-43e9-9b69-43f65c20763e,factual.blue,available,13.98,32.98,high,low,7,namecheap,,,17/08/2026 20:31
8e38e6e2-e92d-4052-a1c0-6d4ba0785993,sugared.blue,available,13.98,32.98,medium,low,7,namecheap,,,11/09/2026 01:16
04f1219e-ef60-4bd2-9cbe-127bf5f9e965,residue.blue,available,13.98,32.98,high,low,7,namecheap,,,09/09/2026 15:05
91e19bd0-e8b7-4a43-9f1b-7263b21a5d09,stuck.blue,available,23.99,,medium,low,5,name.com,,,
31263527-b8c0-450e-9505-4e0932e387c4,rancor.blue,available,19.99,24.99,medium,low,6,namesilo,,,23/09/2026 23:05
0dca548a-02dd-49ab-9aab-da8e8e188e33,cowpens.blue,available,19.99,24.99,medium,low,7,namesilo,,,22/09/2026 14:56
52381562-fdb7-4204-9a96-32ffc40f12a2,vaporous.blue,available,13.98,32.98,medium,low,8,namecheap,,,12/08/2026 14:34
fb5597fe-ee07-468c-bcf8-622010fa18b0,descendent.blue,available,13.98,32.98,medium,low,10,namecheap,,,14/08/2026 03:16
a86f5ecf-b242-4154-998a-28df1c6a317b,stormed.blue,available,19.99,24.99,medium,low,7,namesilo,,,20/09/2026 15:47
5aab26ee-ae38-4961-8433-45dacf3d57e9,outspread.blue,available,13.98,32.98,high,low,9,namecheap,,,04/09/2026 19:47
2594a8f6-4bf1-4831-b5a5-e2e9b1a9d03a,amazed.blue,available,19.99,24.99,high,low,6,namesilo,,,22/09/2026 03:33
d163dea4-0a03-45de-89db-46495af11263,menopausal.blue,available,13.98,32.98,medium,low,10,namecheap,,,24/08/2026 20:15
e2ad2f0e-481a-4069-87c6-1cae0ef4187b,blew.blue,available,19.99,24.99,high,low,4,namesilo,,,25/09/2026 11:11
165cbc50-1fc5-4c70-b9a0-7d1cec875c01,rosacea.blue,available,19.99,24.99,medium,low,7,namesilo,,,17/09/2026 01:59
50355ca2-5aa6-4905-b228-e7c3592be2cf,opposable.blue,available,13.98,32.98,medium,low,9,namecheap,,,06/08/2026 07:43
db67d986-0a46-4acb-aff4-fba5458a71b8,weirdness.blue,available,13.98,32.98,high,low,9,namecheap,,,23/09/2026 23:18
859af4ff-951a-4d36-bd60-95e31b16301e,bismark.blue,available,13.98,32.98,medium,low,7,namecheap,,,23/09/2026 09:37
432ff778-eb92-4265-bde3-3705e05de952,jumping.blue,available,13.98,32.98,high,low,7,namecheap,,,08/09/2026 06:49
bfa77e52-1b39-4753-8a92-20a500263e19,aurelius.blue,available,19.99,24.99,medium,low,8,namesilo,,,19/09/2026 15:35
e1ccca46-479e-4aa6-8673-67e09a922043,plantal.blue,available,13.98,32.98,medium,low,7,namecheap,,,08/09/2026 20:48
b3795bfe-c514-4fe5-80d1-5bdd03158133,birmingham.blue,available,13.98,32.98,high,low,10,namecheap,,,11/08/2026 06:43
8d618042-e12e-4078-b06e-6a78aac69c39,modifiable.blue,available,13.98,32.98,high,low,10,namecheap,,,25/08/2026 03:12
04142970-4f81-459f-8195-30e2acec6b97,dinkey.blue,available,13.98,32.98,medium,low,6,namecheap,,,14/08/2026 08:16
c479df34-2265-4f38-9348-368daac11872,cousins.blue,available,13.98,32.98,high,low,7,namecheap,,,19/09/2026 21:00
9a626939-0d42-4f3b-85bd-634bca06f6dd,terminators.blue,available,19.99,24.99,low,low,11,namesilo,,,20/09/2026 12:06
aa759ee8-55f3-4c70-acd4-f34e3e4055fe,devilish.blue,available,13.98,32.98,medium,low,8,namecheap,,,14/08/2026 05:06
17384d36-8b2d-4ca0-a40e-6d02836e05b4,abroad.blue,available,13.98,32.98,high,low,6,namecheap,,,21/09/2026 14:31
fca23e43-63f2-4a8c-ab01-5584b7f13f0f,agamic.blue,available,13.98,32.98,medium,low,6,namecheap,,,
9b8e1ddf-3efb-46e3-8f11-e386cffaad6d,darn.blue,available,23.99,35.99,high,low,4,name.com,,,13/08/2026 16:10
4f0d163c-bbc7-4cab-9b02-029f1ccc4d4f,catholic.blue,available,13.98,32.98,high,low,8,namecheap,,,11/08/2026 22:01
89396956-594a-4713-bce4-859efbeb3b67,scramble.blue,available,19.99,24.99,high,low,8,namesilo,,,24/09/2026 15:13
24d3ab46-2e12-4910-8565-56a832e2091b,steadied.blue,available,13.98,32.98,medium,low,8,namecheap,,,10/09/2026 19:30
adb9376c-9270-41b8-bbdd-ccb614853d57,astronomer.blue,available,13.98,32.98,high,low,10,namecheap,,,20/09/2026 18:04
c1623f8b-2b32-4b35-b407-43a000b86481,nookie.blue,available,13.98,32.98,medium,low,6,namecheap,,,18/08/2026 17:31
5655f5ef-b711-431a-8be7-c60430e6b080,odd.blue,available,13.98,32.98,high,low,3,namecheap,,,24/09/2026 03:59
29d5b442-d436-4ccc-8167-a2fe0576a29c,intend.blue,available,13.98,32.98,high,low,6,namecheap,,,25/09/2026 18:20
48120966-8146-4a81-951c-173ba950b57b,solicit.blue,available,23.99,,high,low,7,name.com,,,
68d0e9e4-6e55-40fb-b467-8ba72c16c258,nought.blue,available,19.99,24.99,high,low,6,namesilo,,,21/09/2026 10:34
238e13df-3397-42f5-9746-150dae793f18,querier.blue,available,13.98,32.98,medium,low,7,namecheap,,,20/09/2026 14:26
7d6cf39e-cc54-4701-8433-dd7e874da109,homesick.blue,available,13.98,32.98,medium,low,8,namecheap,,,21/08/2026 11:13
04a6ee8d-28ac-47ca-8295-06a8fba63e1f,basketry.blue,available,19.99,24.99,high,low,8,namesilo,,,22/09/2026 11:28